graph,mode,seed,tag,n_pred,gold,bestmatch_f1,sn,ppv,acc,mmr,n_gold
STRING,pool,42,linkj005_string_seed42,552,CORUM,0.051789314041772345,0.026201967018694955,0.06324522594974823,0.040708099002842335,0.009586878166375436,2539
STRING,pool,42,linkj005_string_seed42,552,ComplexPortal,0.06693102500830536,0.033723390125967825,0.046739094671756416,0.03970139448117894,0.013492649584898675,1197
STRING,operating_point,42,linkj005_string_seed42,493,CORUM,0.051717128598313566,0.026163442568354008,0.05256352497391806,0.03708426575847696,0.009335492086450696,2539
STRING,operating_point,42,linkj005_string_seed42,493,ComplexPortal,0.06669097186863357,0.033566795016666866,0.038134607045895504,0.03577787777035852,0.013153245082668621,1197
