graph,mode,seed,tag,n_pred,gold,bestmatch_f1,sn,ppv,acc,mmr,n_gold
STRING,pool,42,linkj01_string_seed42,3734,CORUM,0.2881309740087163,0.15512706745814078,0.06726497475719671,0.10214997932809282,0.0771652055047141,2539
STRING,pool,42,linkj01_string_seed42,3734,ComplexPortal,0.3176783114020042,0.17766873862998017,0.04038942726285535,0.08471091190501281,0.09053570331765935,1197
STRING,operating_point,42,linkj01_string_seed42,2000,CORUM,0.216424175623789,0.11861799080718949,0.07789123875625566,0.09612128922746581,0.05385751141343662,2539
STRING,operating_point,42,linkj01_string_seed42,2000,ComplexPortal,0.23322104605730912,0.12989978470561717,0.04577811010104915,0.07711398476512754,0.06402335246356425,1197
