graph,mode,seed,tag,n_pred,gold,bestmatch_f1,sn,ppv,acc,mmr,n_gold
STRING,pool,42,linkj02_string_seed42,8000,CORUM,0.4539265431290407,0.28024243616898453,0.1024574321155367,0.16944887246504878,0.18764103074663202,2539
STRING,pool,42,linkj02_string_seed42,8000,ComplexPortal,0.5135579878595599,0.3341076187284681,0.057248950379768716,0.13830152018719374,0.198133023365074,1197
STRING,operating_point,42,linkj02_string_seed42,2000,CORUM,0.3056532928526464,0.18722659401539998,0.1374602103393459,0.1604250821862847,0.09400447819407119,2539
STRING,operating_point,42,linkj02_string_seed42,2000,ComplexPortal,0.34678180900470873,0.21890359353141509,0.08078553263756376,0.13298211684174727,0.10243465544184108,1197
