graph,mode,seed,tag,n_pred,gold,bestmatch_f1,sn,ppv,acc,mmr,n_gold
STRING,pool,42,linkcomm5_string_seed42,4781,CORUM,0.161495904662518,0.07763087161504979,0.060923147294832704,0.06877148410518655,0.0589009718827932,2539
STRING,pool,42,linkcomm5_string_seed42,4781,ComplexPortal,0.2212452714043428,0.11862859209811373,0.0544131676500214,0.0803427499524423,0.08578362160799934,1197
STRING,operating_point,42,linkcomm5_string_seed42,2000,CORUM,0.12058515775594165,0.05828644303344519,0.06072098735693772,0.05949126297629507,0.03564831011520673,2539
STRING,operating_point,42,linkcomm5_string_seed42,2000,ComplexPortal,0.19618629213697064,0.10221498611391466,0.05606713120471981,0.07570271486239755,0.05828784030783532,1197
