graph,mode,seed,tag,n_pred,gold,bestmatch_f1,sn,ppv,acc,mmr,n_gold
STRING,pool,43,v3_paperbench_string_seed43,8000,CORUM,0.5067662844518096,0.343904785815078,0.10073458661632904,0.18612658712408356,0.25482822236297464,1381
STRING,pool,43,v3_paperbench_string_seed43,8000,ComplexPortal,0.5555576218184494,0.38759697654220293,0.09177030400315149,0.18859982069975662,0.25501659892011874,1197
STRING,operating_point,43,v3_paperbench_string_seed43,2000,CORUM,0.3901794251710155,0.27162391260260954,0.11900427652494011,0.17978989739734297,0.14246541390666187,1381
STRING,operating_point,43,v3_paperbench_string_seed43,2000,ComplexPortal,0.4174509383588105,0.2910766257246268,0.11574089970714099,0.18354691646847965,0.14491754943055005,1197
