graph,mode,seed,tag,n_pred,gold,bestmatch_f1,sn,ppv,acc,mmr,n_gold
STRING,pool,42,v3_paperbench_string_seed42,8000,CORUM,0.515477420872749,0.3514207306300462,0.10462271822128222,0.19174616574477948,0.2604024599185533,1381
STRING,pool,42,v3_paperbench_string_seed42,8000,ComplexPortal,0.5587851825818476,0.390517464355582,0.09273208582183724,0.1902984472336758,0.2608593817623907,1197
STRING,operating_point,42,v3_paperbench_string_seed42,2000,CORUM,0.396780762713751,0.2775118310176963,0.12205961823053178,0.18404615765746335,0.1456801332692676,1381
STRING,operating_point,42,v3_paperbench_string_seed42,2000,ComplexPortal,0.41281560713727933,0.2893494644332418,0.11711497100538619,0.1840846385158825,0.1475517249945835,1197
