graph,mode,seed,tag,n_pred,gold,bestmatch_f1,sn,ppv,acc,mmr,n_gold
STRING,pool,42,v3_paperbench_dnxcoh_string_seed42,8000,CORUM,0.3664681727334217,0.22758054730771857,0.05958930459122293,0.11645328055729844,0.15405162754875354,1381
STRING,pool,42,v3_paperbench_dnxcoh_string_seed42,8000,ComplexPortal,0.492912943102558,0.32514947039130976,0.07890016055467193,0.16016973939586993,0.21828317080371082,1197
STRING,operating_point,42,v3_paperbench_dnxcoh_string_seed42,2000,CORUM,0.21993609053357943,0.13540181437134183,0.059829005652387336,0.09000531049536194,0.06707651387604817,1381
STRING,operating_point,42,v3_paperbench_dnxcoh_string_seed42,2000,ComplexPortal,0.3553336499541408,0.22698527403035249,0.08453087798967825,0.138518101721448,0.10749656586328442,1197
