graph,mode,seed,tag,n_pred,gold,bestmatch_f1,sn,ppv,acc,mmr,n_gold
STRING,pool,42,v3_paperbench_wdn2_string_seed42,8000,CORUM,0.5265273485599181,0.3557031357261761,0.11214692027948102,0.19972734215786503,0.26919584028714844,1381
STRING,pool,42,v3_paperbench_wdn2_string_seed42,8000,ComplexPortal,0.5814761702965731,0.40431064746603057,0.10518698171671288,0.20622370543388485,0.2784517140535998,1197
STRING,operating_point,42,v3_paperbench_wdn2_string_seed42,2000,CORUM,0.43121369812167404,0.2792693318696177,0.13717780546577135,0.19572826591927484,0.15057751763356422,1381
STRING,operating_point,42,v3_paperbench_wdn2_string_seed42,2000,ComplexPortal,0.4692659119572084,0.31155698472910753,0.13379241396758199,0.20416650331376196,0.1611508474527234,1197
