graph,mode,seed,tag,n_pred,gold,bestmatch_f1,sn,ppv,acc,mmr,n_gold
STRING,pool,44,v3_paperbench_string_seed44,8000,CORUM,0.5047410453357023,0.34455092186949887,0.10133673246146557,0.18685733753010805,0.2570612988093908,1381
STRING,pool,44,v3_paperbench_string_seed44,8000,ComplexPortal,0.5530312734775192,0.38781261637848885,0.09139699508573988,0.18826818051208938,0.2547898970753619,1197
STRING,operating_point,44,v3_paperbench_string_seed44,2000,CORUM,0.39623592803341945,0.277074826042349,0.1181706828632155,0.1809478416495511,0.14331260342088686,1381
STRING,operating_point,44,v3_paperbench_string_seed44,2000,ComplexPortal,0.402705882300274,0.28531983045578047,0.1126578719414741,0.17928615373712053,0.14355242366426077,1197
