graph,mode,seed,tag,n_pred,gold,bestmatch_f1,sn,ppv,acc,mmr,n_gold
STRING,pool,42,v3_paperbench_ref_dgi_largeK_auto_string_seed42,8000,CORUM,0.5110630982026437,0.3510554400897558,0.10495208159396756,0.19194790749655555,0.26122461514590245,1381
STRING,pool,42,v3_paperbench_ref_dgi_largeK_auto_string_seed42,8000,ComplexPortal,0.5768890318033361,0.40634977160531527,0.09830123774410579,0.19986166592380136,0.2698472455529341,1197
STRING,operating_point,42,v3_paperbench_ref_dgi_largeK_auto_string_seed42,2000,CORUM,0.3950443398856167,0.27644313652657454,0.11945394088513246,0.181720175238596,0.14318962717487752,1381
STRING,operating_point,42,v3_paperbench_ref_dgi_largeK_auto_string_seed42,2000,ComplexPortal,0.41521721435057124,0.2964418639360396,0.12313648945872939,0.1910570868973099,0.15381597675413614,1197
