graph,mode,seed,tag,n_pred,gold,bestmatch_f1,sn,ppv,acc,mmr,n_gold
STRING,pool,42,v3_ref_hybrid_mod0p1_string_seed42,8000,CORUM,0.4477596828832723,0.31140663334632146,0.14861426779761913,0.21512663433913803,0.233726735794497,2539
STRING,pool,42,v3_ref_hybrid_mod0p1_string_seed42,8000,ComplexPortal,0.5647817027574179,0.39021345539243724,0.09146978155797418,0.188925222047583,0.25424290901131,1197
STRING,operating_point,42,v3_ref_hybrid_mod0p1_string_seed42,2000,CORUM,0.33489972850706123,0.24494830469997025,0.18056191039813063,0.21030533480016628,0.1251971289247512,2539
STRING,operating_point,42,v3_ref_hybrid_mod0p1_string_seed42,2000,ComplexPortal,0.4377023551281659,0.29995531761454974,0.11637618499225953,0.1868359053611559,0.1470513226023316,1197
