graph,mode,seed,tag,n_pred,gold,bestmatch_f1,sn,ppv,acc,mmr,n_gold
STRING,pool,42,v3_ref_dgi_largeK_string_seed42,8000,CORUM,0.4539159116111372,0.3159776395861187,0.15450669995373545,0.22095398242987613,0.23807691685545612,2539
STRING,pool,42,v3_ref_dgi_largeK_string_seed42,8000,ComplexPortal,0.5764745571007933,0.4060735630233352,0.09818004354076594,0.1996705288678953,0.2690854947455849,1197
STRING,operating_point,42,v3_ref_dgi_largeK_string_seed42,2000,CORUM,0.3294748298925195,0.24367028665210805,0.18160634387888802,0.2103617595258462,0.12474091479120221,2539
STRING,operating_point,42,v3_ref_dgi_largeK_string_seed42,2000,ComplexPortal,0.4155252805094372,0.2964665981200665,0.12292525624749617,0.1909011067090305,0.15353437826283656,1197
