graph,mode,seed,tag,n_pred,gold,bestmatch_f1,sn,ppv,acc,mmr,n_gold
STRING,pool,42,v3_ref_dgi_largeK_auto_string_seed42,8000,CORUM,0.44423633643398647,0.3128699388321438,0.1520633995389091,0.21811938591593902,0.2363503305358991,2539
STRING,pool,42,v3_ref_dgi_largeK_auto_string_seed42,8000,ComplexPortal,0.5691076140485144,0.40011691789511467,0.0970938722872687,0.19710124536918544,0.2650951424897138,1197
STRING,operating_point,42,v3_ref_dgi_largeK_auto_string_seed42,2000,CORUM,0.32785433331824215,0.2429253885720667,0.1810882951118625,0.20974018321700372,0.12514930415106879,2539
STRING,operating_point,42,v3_ref_dgi_largeK_auto_string_seed42,2000,ComplexPortal,0.41687602803681456,0.29662743437386857,0.12299695862416742,0.19100856596623003,0.15425584395927816,1197
