graph,mode,seed,tag,n_pred,gold,bestmatch_f1,sn,ppv,acc,mmr,n_gold
STRING,pool,42,v3_string_seed42,8000,CORUM,0.46155625242955345,0.31706519161643115,0.1514703408800663,0.219148289191005,0.23858770788385525,2539
STRING,pool,42,v3_string_seed42,8000,ComplexPortal,0.5583455312877247,0.3902813198738464,0.09270231752822246,0.19021036470255523,0.26029468548236434,1197
STRING,operating_point,42,v3_string_seed42,2000,CORUM,0.3283111794647217,0.2420286871078208,0.18051879761051406,0.20902327043646393,0.12499382715735707,2539
STRING,operating_point,42,v3_string_seed42,2000,ComplexPortal,0.41089415254088746,0.2881702194827926,0.1165923824726452,0.1832988064531896,0.14657791443002774,1197
