graph,mode,seed,tag,n_pred,gold,bestmatch_f1,sn,ppv,acc,mmr,n_gold
STRING,pool,42,v3_updated_graphs_string_seed42,8000,CORUM,0.4526376760635502,0.3132947528753715,0.1485251346660687,0.2157131089224465,0.23480223683369283,2539
STRING,pool,42,v3_updated_graphs_string_seed42,8000,ComplexPortal,0.558218378611457,0.38891818942780526,0.09120300935613039,0.1883361602803705,0.2576937019893586,1197
STRING,operating_point,42,v3_updated_graphs_string_seed42,2000,CORUM,0.3274036045127903,0.24110142854924765,0.18006984151370534,0.20836289503553884,0.12489528058825497,2539
STRING,operating_point,42,v3_updated_graphs_string_seed42,2000,ComplexPortal,0.4156733001251592,0.2916692737515684,0.11813818222422666,0.18562671631979769,0.1490687945385643,1197
