graph,mode,seed,tag,n_pred,gold,bestmatch_f1,sn,ppv,acc,mmr,n_gold
STRING,pool,42,v3auto_string_seed42,8000,CORUM,0.4518029452572795,0.29166251679791555,0.11661243515305907,0.18442200608028025,0.20177200035689452,2539
STRING,pool,42,v3auto_string_seed42,8000,ComplexPortal,0.5568089521145272,0.38189617839583023,0.07872109023467336,0.17338766830364571,0.24213388452057696,1197
STRING,operating_point,42,v3auto_string_seed42,2000,CORUM,0.3274036045127903,0.2071901208873822,0.15189439064725008,0.17740072480212418,0.10597704057455183,2539
STRING,operating_point,42,v3auto_string_seed42,2000,ComplexPortal,0.4156733001251592,0.27598466171148434,0.10589994709231383,0.1709583606423983,0.1402717940152031,1197
