graph,mode,seed,tag,n_pred,gold,bestmatch_f1,sn,ppv,acc,mmr,n_gold
STRING,pool,42,v3basek8_string_seed42,8000,CORUM,0.4527151986257358,0.2875513170560454,0.107206537963908,0.1755772798187188,0.19400913777316525,2539
STRING,pool,42,v3basek8_string_seed42,8000,ComplexPortal,0.5459600986812365,0.3662156965701605,0.06665803925920577,0.1562409046290732,0.22427062541194337,1197
STRING,operating_point,42,v3basek8_string_seed42,2000,CORUM,0.32383299713109276,0.20312172610839807,0.1433343428089154,0.17062918602032817,0.0996462876614141,2539
STRING,operating_point,42,v3basek8_string_seed42,2000,ComplexPortal,0.3938131054388574,0.25705121943918513,0.09467300966620237,0.15599939930228923,0.12373612605047832,1197
