graph,mode,seed,tag,n_pred,gold,bestmatch_f1,sn,ppv,acc,mmr,n_gold
STRING,pool,42,v3cpu_string_seed42,8000,CORUM,0.46155625242955345,0.29830333055844105,0.11990954619986559,0.1891280439204381,0.206775294392649,2539
STRING,pool,42,v3cpu_string_seed42,8000,ComplexPortal,0.5583455312877247,0.38381327992925796,0.08019511151340177,0.17544215224469667,0.24601597303381975,1197
STRING,operating_point,42,v3cpu_string_seed42,2000,CORUM,0.3283111794647217,0.20812294989711633,0.1523049220370974,0.17803974179438428,0.10604630430980325,2539
STRING,operating_point,42,v3cpu_string_seed42,2000,ComplexPortal,0.4109498473334243,0.27221773031134916,0.10457048018002987,0.16871851935153903,0.138139998402918,1197
