graph,mode,seed,tag,n_pred,gold,bestmatch_f1,sn,ppv,acc,mmr,n_gold
STRING,pool,42,v3dxcoh_string_seed42,8000,CORUM,0.3350922712137147,0.2018725368724321,0.09214658405054152,0.13638865307059675,0.13465794221540842,2539
STRING,pool,42,v3dxcoh_string_seed42,8000,ComplexPortal,0.488140146008319,0.32424874615985205,0.0778019362447589,0.15883066541500046,0.21650510858276112,1197
STRING,operating_point,42,v3dxcoh_string_seed42,2000,CORUM,0.20373208303339185,0.11822483046275836,0.09269174313179003,0.10468269015005978,0.059849976592407934,2539
STRING,operating_point,42,v3dxcoh_string_seed42,2000,ComplexPortal,0.351749034273244,0.22003434470999594,0.0796167725086021,0.1323571847949898,0.10229392369926842,1197
