graph,mode,seed,tag,n_pred,gold,bestmatch_f1,sn,ppv,acc,mmr,n_gold
STRING,pool,42,v3hyb02_string_seed42,8000,CORUM,0.46264823263914606,0.2992254918434725,0.12014667918205728,0.18960735526769787,0.20773624915434047,2539
STRING,pool,42,v3hyb02_string_seed42,8000,ComplexPortal,0.5628125885472623,0.38862732109045184,0.07992375080358197,0.17624004416220768,0.24574598824005367,1197
STRING,operating_point,42,v3hyb02_string_seed42,2000,CORUM,0.3285829124421686,0.2086668131399087,0.15291588830585215,0.17862942392349698,0.1059987960251542,2539
STRING,operating_point,42,v3hyb02_string_seed42,2000,ComplexPortal,0.4204811942723227,0.28098162502487656,0.10421609921183272,0.17112220460914626,0.13783856427211272,1197
