graph,mode,seed,tag,n_pred,gold,bestmatch_f1,sn,ppv,acc,mmr,n_gold
STRING,pool,42,v3hyb02_coh_string_seed42,8000,CORUM,0.3086280190407872,0.18153526241674167,0.08296882937900837,0.12272639574976588,0.12335587574602362,2539
STRING,pool,42,v3hyb02_coh_string_seed42,8000,ComplexPortal,0.4456311154926004,0.29330274818254376,0.06875128562941424,0.14200331339863245,0.19447165833352448,1197
STRING,operating_point,42,v3hyb02_coh_string_seed42,2000,CORUM,0.18890519299512365,0.10412668090250855,0.07454498482349346,0.0881029048760496,0.04728050337439772,2539
STRING,operating_point,42,v3hyb02_coh_string_seed42,2000,ComplexPortal,0.29600482888437407,0.18063422102735735,0.0652484318599632,0.10856380456800994,0.08300825014658904,1197
