graph,mode,seed,tag,n_pred,gold,bestmatch_f1,sn,ppv,acc,mmr,n_gold
STRING,pool,42,v3hybmw1k8_string_seed42,8000,CORUM,0.4510415051441765,0.2862560698778386,0.10740192301689327,0.1753409603604875,0.19623025741098735,2539
STRING,pool,42,v3hybmw1k8_string_seed42,8000,ComplexPortal,0.5580552551161038,0.37602903538019095,0.06745589808739981,0.15926511321852446,0.22749082676124732,1197
STRING,operating_point,42,v3hybmw1k8_string_seed42,2000,CORUM,0.33010948373618576,0.20685743883775293,0.14585780919370392,0.17370023846931024,0.10250609054498605,2539
STRING,operating_point,42,v3hybmw1k8_string_seed42,2000,ComplexPortal,0.4043603427408468,0.2650629920229742,0.09542287540928365,0.15903796044787613,0.12594781716353967,1197
