graph,mode,seed,tag,n_pred,gold,bestmatch_f1,sn,ppv,acc,mmr,n_gold
STRING,pool,42,v3hyb02_niter0_string_seed42,8000,CORUM,0.44577078713741475,0.28748717760944903,0.11701678186812595,0.18341435154373303,0.20259401070860766,2539
STRING,pool,42,v3hyb02_niter0_string_seed42,8000,ComplexPortal,0.5449614442304953,0.37357486290109615,0.07826640513775669,0.17099228511573,0.23860145129877477,1197
STRING,operating_point,42,v3hyb02_niter0_string_seed42,2000,CORUM,0.3364254413147786,0.21335720986776338,0.15119746100369016,0.17960809675189282,0.10601686000771197,2539
STRING,operating_point,42,v3hyb02_niter0_string_seed42,2000,ComplexPortal,0.4154304671932381,0.27307923088685343,0.10273375272343158,0.16749463925700692,0.13692680428163584,1197
