graph,mode,seed,tag,n_pred,gold,bestmatch_f1,sn,ppv,acc,mmr,n_gold
STRING,pool,42,v3hyb02_min4_string_seed42,8000,CORUM,0.4529359621825248,0.2797236344452176,0.12010094078014857,0.18328958414299762,0.19607457447755583,2539
STRING,pool,42,v3hyb02_min4_string_seed42,8000,ComplexPortal,0.5605896706367582,0.37873055189413646,0.08720900393235786,0.18173803726639015,0.247267816196189,1197
STRING,operating_point,42,v3hyb02_min4_string_seed42,2000,CORUM,0.35411421395905,0.21476508703943786,0.15334933290884084,0.18147749951331965,0.10517441730504695,2539
STRING,operating_point,42,v3hyb02_min4_string_seed42,2000,ComplexPortal,0.4537675790332969,0.30078852298737924,0.11061359213698557,0.18240421870453621,0.1445444657459127,1197
