graph,mode,seed,tag,n_pred,gold,bestmatch_f1,sn,ppv,acc,mmr,n_gold
STRING,pool,42,v3iter1_string_seed42,8000,CORUM,0.3146221323033394,0.19269411769671727,0.08377808918413612,0.12705725078740687,0.13817206946073812,2539
STRING,pool,42,v3iter1_string_seed42,8000,ComplexPortal,0.44849039175412686,0.2978919939910683,0.0670215867563478,0.14129824528030707,0.20311876874047124,1197
STRING,operating_point,42,v3iter1_string_seed42,2000,CORUM,0.22644069178162912,0.14052594723284614,0.10871100296550792,0.12359901563669812,0.07497031147171866,2539
STRING,operating_point,42,v3iter1_string_seed42,2000,ComplexPortal,0.372971156560607,0.24556483043129804,0.0915997674205201,0.14997893636829926,0.12729565026563228,1197
