graph,mode,seed,tag,n_pred,gold,bestmatch_f1,sn,ppv,acc,mmr,n_gold
STRING,pool,42,v3learned_string_seed42,8000,CORUM,0.4763385096510716,0.30124866942924783,0.14287234292002615,0.20746108840671085,0.22210224624765304,2539
STRING,pool,42,v3learned_string_seed42,8000,ComplexPortal,0.5729553664435387,0.3949239898656208,0.10627792983025298,0.20486996871972715,0.27173331044705373,1197
STRING,operating_point,42,v3learned_string_seed42,2000,CORUM,0.3606397570721649,0.20951363774128007,0.17405821870623106,0.19096484121405644,0.10804603607315405,2539
STRING,operating_point,42,v3learned_string_seed42,2000,ComplexPortal,0.47357051234159886,0.3054662757309894,0.1365012631059483,0.2041972881150725,0.15050032752541792,1197
