graph,mode,seed,tag,n_pred,gold,bestmatch_f1,sn,ppv,acc,mmr,n_gold
STRING,pool,42,v3learn_string_seed42,8000,CORUM,0.4763385096510716,0.30124866942924783,0.1429049790209384,0.20748478205611193,0.2221131261871117,2539
STRING,pool,42,v3learn_string_seed42,8000,ComplexPortal,0.5729553664435387,0.3949239898656208,0.10630707838548947,0.20489806135479857,0.27177085439608434,1197
STRING,operating_point,42,v3learn_string_seed42,2000,CORUM,0.36058604945642503,0.20947089708806285,0.17397733406823893,0.19090099067386634,0.10796082377276423,2539
STRING,operating_point,42,v3learn_string_seed42,2000,ComplexPortal,0.47357051234159886,0.3054662757309894,0.1365661635685857,0.2042458258475923,0.15047622968075253,1197
