graph,mode,seed,tag,n_pred,gold,bestmatch_f1,sn,ppv,acc,mmr,n_gold
STRING,pool,42,v3modmw1k8_string_seed42,8000,CORUM,0.46700767557058837,0.2982199039366225,0.11483534662911934,0.18505725070978635,0.20464188795767438,2539
STRING,pool,42,v3modmw1k8_string_seed42,8000,ComplexPortal,0.5574013957621667,0.3779323001563799,0.07228081911003548,0.16527932787690944,0.23516970359064385,1197
STRING,operating_point,42,v3modmw1k8_string_seed42,2000,CORUM,0.3327308707945763,0.20989270687272055,0.15205194361370505,0.17864656176467217,0.10547952466640508,2539
STRING,operating_point,42,v3modmw1k8_string_seed42,2000,ComplexPortal,0.41107580236054486,0.26737633075009043,0.09928261507739743,0.1629288842614106,0.13040476369345247,1197
