graph,mode,seed,tag,n_pred,gold,bestmatch_f1,sn,ppv,acc,mmr,n_gold
STRING,pool,42,v3test_string_seed42,8000,CORUM,0.3189350208443018,0.1956643147590341,0.08658530891129344,0.13016011346156517,0.14260217906391806,2539
STRING,pool,42,v3test_string_seed42,8000,ComplexPortal,0.45181647998465324,0.3016354247005521,0.06878467147232621,0.14404129127595,0.2109421595554903,1197
STRING,operating_point,42,v3test_string_seed42,2000,CORUM,0.23491739639113038,0.1442747181508965,0.10848995766132126,0.12510938439537547,0.0749682526574014,2539
STRING,operating_point,42,v3test_string_seed42,2000,ComplexPortal,0.36810791997017595,0.23922499350529378,0.09089551942129205,0.1474600964438139,0.12475686659069893,1197
