graph,mode,seed,tag,n_pred,gold,bestmatch_f1,sn,ppv,acc,mmr,n_gold
IntAct,pool,42,v3_intact_seed42,8000,CORUM,0.22249745365463666,0.20175557117656015,0.21834591754749988,0.2098868869388127,0.16757091412227967,2588
IntAct,pool,42,v3_intact_seed42,8000,ComplexPortal,0.2990951297159267,0.2414142592082651,0.15395984419288009,0.1927903050820867,0.17998652852589125,1210
IntAct,operating_point,42,v3_intact_seed42,2000,CORUM,0.1750560344780844,0.14970923249972864,0.18230959061198332,0.1652072301319157,0.08703410841051243,2588
IntAct,operating_point,42,v3_intact_seed42,2000,ComplexPortal,0.2446106825378959,0.18372448097087335,0.14558699976872977,0.16354783999985,0.10990195135127799,1210
