graph,mode,seed,tag,n_pred,gold,bestmatch_f1,sn,ppv,acc,mmr,n_gold
IntAct,pool,42,v3_paperbench_wdn2_intact_seed42,8000,CORUM,0.32424652959382894,0.2525869907375608,0.2009464311865351,0.22529193139759632,0.20500806018683,1379
IntAct,pool,42,v3_paperbench_wdn2_intact_seed42,8000,ComplexPortal,0.3382200367535221,0.2507338171676268,0.17929795548777627,0.21202844335088958,0.19428003188874143,1206
IntAct,operating_point,42,v3_paperbench_wdn2_intact_seed42,2000,CORUM,0.2554671963267245,0.18255622212858336,0.15860144170528337,0.17015780917096715,0.1126311800431177,1379
IntAct,operating_point,42,v3_paperbench_wdn2_intact_seed42,2000,ComplexPortal,0.2857304930578774,0.1920037054627778,0.1692125578743258,0.1802482680158267,0.11835674618561652,1206
