graph,mode,seed,tag,n_pred,gold,bestmatch_f1,sn,ppv,acc,mmr,n_gold
IntAct,pool,42,v3_paperbench_dnxcoh_intact_seed42,8000,CORUM,0.32345827621162887,0.2522855219581419,0.13255834634601615,0.182873047762137,0.1945895934087659,1379
IntAct,pool,42,v3_paperbench_dnxcoh_intact_seed42,8000,ComplexPortal,0.3800174738595586,0.29813436108321184,0.17143495673807774,0.22607664915783512,0.23220079255324935,1206
IntAct,operating_point,42,v3_paperbench_dnxcoh_intact_seed42,2000,CORUM,0.22379089149103074,0.15728719691233228,0.11192760126918298,0.13268300064722308,0.08774476909026335,1379
IntAct,operating_point,42,v3_paperbench_dnxcoh_intact_seed42,2000,ComplexPortal,0.27419106007125654,0.20419542196590212,0.14322870870654805,0.17101650976430569,0.12399219944270537,1206
