graph,mode,seed,tag,n_pred,gold,bestmatch_f1,sn,ppv,acc,mmr,n_gold
IntAct,pool,42,v3_paperbench_intact_seed42,8000,CORUM,0.30057565325778174,0.24492470012048378,0.18560358789459697,0.21321093571008504,0.20135665396111524,1379
IntAct,pool,42,v3_paperbench_intact_seed42,8000,ComplexPortal,0.30018311053282726,0.24195918281127185,0.15390745136072354,0.19297492365539684,0.1803978159528003,1206
IntAct,operating_point,42,v3_paperbench_intact_seed42,2000,CORUM,0.24387991586143423,0.18602236802973413,0.13857417749735135,0.16055496456301185,0.11046433646488797,1379
IntAct,operating_point,42,v3_paperbench_intact_seed42,2000,ComplexPortal,0.24550483129573106,0.18415363337233237,0.1455592982104642,0.16372316157643615,0.11018202184501229,1206
