graph,mode,seed,tag,n_pred,gold,bestmatch_f1,sn,ppv,acc,mmr,n_gold
IntAct,pool,43,v3_paperbench_intact_seed43,8000,CORUM,0.30279973018881134,0.24610789755136178,0.18526658327612205,0.21353119045378519,0.2016443701167372,1379
IntAct,pool,43,v3_paperbench_intact_seed43,8000,ComplexPortal,0.3020501346566786,0.24190478857673667,0.15316921218654359,0.1924899111393923,0.17995445346030842,1206
IntAct,operating_point,43,v3_paperbench_intact_seed43,2000,CORUM,0.24740445416949397,0.18778202090563167,0.1392998572792191,0.16173437702528745,0.11230090635144656,1379
IntAct,operating_point,43,v3_paperbench_intact_seed43,2000,ComplexPortal,0.2482586442148552,0.18482930394124505,0.14492657558275845,0.16366636211375105,0.11078673995061877,1206
