graph,mode,seed,tag,n_pred,gold,bestmatch_f1,sn,ppv,acc,mmr,n_gold
IntAct,pool,44,v3_paperbench_intact_seed44,8000,CORUM,0.29953087120031213,0.24486985337278097,0.1850835708977714,0.2128882027437124,0.20042526401925329,1379
IntAct,pool,44,v3_paperbench_intact_seed44,8000,ComplexPortal,0.30156869977160417,0.24172676754672562,0.15361515976616752,0.19269897772549155,0.17904313074757608,1206
IntAct,operating_point,44,v3_paperbench_intact_seed44,2000,CORUM,0.244840138497798,0.18736929018833245,0.13829614925430875,0.16097344911990769,0.1102847856857179,1379
IntAct,operating_point,44,v3_paperbench_intact_seed44,2000,ComplexPortal,0.2458818494311707,0.18438924433866474,0.14601945801531632,0.16408661591423462,0.11078690462806667,1206
