graph,mode,seed,tag,n_pred,gold,bestmatch_f1,sn,ppv,acc,mmr,n_gold
IntAct,pool,42,v3_paperbench_ref_dgi_largeK_auto_intact_seed42,8000,CORUM,0.3212171828952886,0.26111280029202255,0.1866597761722739,0.22076969189230794,0.2077039032337836,1379
IntAct,pool,42,v3_paperbench_ref_dgi_largeK_auto_intact_seed42,8000,ComplexPortal,0.31374705574101663,0.25258162494075187,0.15772228779117314,0.19959396719256678,0.18856407355281088,1208
IntAct,operating_point,42,v3_paperbench_ref_dgi_largeK_auto_intact_seed42,2000,CORUM,0.2606452694679641,0.19874637294058586,0.14133076577988368,0.1675976643144747,0.11452935564548837,1379
IntAct,operating_point,42,v3_paperbench_ref_dgi_largeK_auto_intact_seed42,2000,ComplexPortal,0.25384750278780843,0.19058346895056902,0.14988228654490393,0.16901208863265074,0.11605369576960411,1208
