graph,mode,seed,tag,n_pred,gold,bestmatch_f1,sn,ppv,acc,mmr,n_gold
IntAct,pool,42,v3_ref_dgi_largeK_auto_intact_seed42,8000,CORUM,0.2342128624445118,0.2104985951439257,0.2199776567046938,0.21518593750380346,0.17148457872436246,2588
IntAct,pool,42,v3_ref_dgi_largeK_auto_intact_seed42,8000,ComplexPortal,0.3128863954345027,0.2521396813700306,0.15776633711498617,0.1994471207390306,0.18825104663850534,1211
IntAct,operating_point,42,v3_ref_dgi_largeK_auto_intact_seed42,2000,CORUM,0.18399657081561496,0.15605198577905302,0.18576698600801028,0.1702624652081003,0.08943271524706954,2588
IntAct,operating_point,42,v3_ref_dgi_largeK_auto_intact_seed42,2000,ComplexPortal,0.2531476231088058,0.19030987501494573,0.14988776588094732,0.16889381868817027,0.11564593933292201,1211
