graph,mode,seed,tag,n_pred,gold,bestmatch_f1,sn,ppv,acc,mmr,n_gold
IntAct,pool,42,v3_updated_graphs_intact_seed42,8000,CORUM,0.22161657114944835,0.20120532614768655,0.21813542528139004,0.2094994257464836,0.1669542453385228,2588
IntAct,pool,42,v3_updated_graphs_intact_seed42,8000,ComplexPortal,0.29865583268312146,0.24113550920383878,0.1541995395479421,0.1928288995142857,0.17932456770308047,1211
IntAct,operating_point,42,v3_updated_graphs_intact_seed42,2000,CORUM,0.17481799038201368,0.14955491842609825,0.18179498417796897,0.16488885356205848,0.08718574952851416,2588
IntAct,operating_point,42,v3_updated_graphs_intact_seed42,2000,ComplexPortal,0.24425212414296682,0.18345896227245093,0.14518465095198232,0.16320363170450186,0.10995274043162998,1211
