graph,mode,seed,tag,n_pred,gold,bestmatch_f1,sn,ppv,acc,mmr,n_gold
IntAct,pool,42,v3auto_intact_seed42,8000,CORUM,0.22249745365463666,0.15101658039603147,0.18892314536428834,0.16890982023132103,0.12560672156616676,2588
IntAct,pool,42,v3auto_intact_seed42,8000,ComplexPortal,0.2990951297159267,0.20533857830820398,0.1381111436149722,0.16840292716701386,0.15297825366637588,1210
IntAct,operating_point,42,v3auto_intact_seed42,2000,CORUM,0.1750560344780844,0.1104047725412888,0.15905519361782974,0.13251585743935382,0.068554076138779,2588
IntAct,operating_point,42,v3auto_intact_seed42,2000,ComplexPortal,0.2446106825378959,0.15891941329597095,0.1334339863047821,0.1456202280498784,0.09806278277896481,1210
