graph,mode,seed,tag,n_pred,gold,bestmatch_f1,sn,ppv,acc,mmr,n_gold
IntAct,pool,42,v3learned_intact_seed42,8000,CORUM,0.25870616456336676,0.17434414919108782,0.2247374480002892,0.19794357570526697,0.14191366050895038,2588
IntAct,pool,42,v3learned_intact_seed42,8000,ComplexPortal,0.3708780427141733,0.25542286206340015,0.1816683161021836,0.21541179458204746,0.19409773491697768,1210
IntAct,operating_point,42,v3learned_intact_seed42,2000,CORUM,0.1804122230151361,0.11178949590295723,0.18903684779974506,0.14536964580894304,0.0666147088664019,2588
IntAct,operating_point,42,v3learned_intact_seed42,2000,ComplexPortal,0.2868370144723525,0.18150814967684573,0.17229193494910527,0.17684001333650584,0.10711716527288354,1210
