Graph,#PC,Acc_avg,MMR_avg,BestMatch_avg
STRING,2000,0.11426170610840494,0.08728653986966625,0.2876348702438601
BioPlex,2000,0.157442300349117,0.13437853409077777,0.3532003463709179
HuRI,2000,0.07833494253325579,0.08781235997432621,0.2222991199959486
BioGRID,2000,0.1305889239508744,0.105300587088172,0.27980265732763154
ComPPI,2000,0.16142566245083956,0.1203469123428113,0.27249566733780306
IntAct,2000,0.1518497552057643,0.10586848426648429,0.2489909757811436
hu.MAP2,1826,0.20400200966682358,0.2031992471891543,0.5127164311262155
