Graph,#PC,F1_CORUM,F1_ComplexPortal,MMR_CORUM,MMR_ComplexPortal
STRING,8000,0.4539159116111372,0.5764745571007933,0.2380769168554561,0.2690854947455849
BioPlex,8000,0.3410686190487436,0.4589445417296678,0.2093779719103998,0.2792916190300706
HuRI,8000,0.2568801327159223,0.3477899940939996,0.1555018165208321,0.1427480209983907
BioGRID,8000,0.2503663946898435,0.3640623135147233,0.1598938800091049,0.2125145259169041
ComPPI,8000,0.1848995786428184,0.223692370913542,0.1476925518207028,0.1577541685679696
IntAct,8000,0.2342128624445118,0.3128863954345027,0.1714845787243624,0.1882510466385053
hu.MAP2,3221,0.4831706494693132,0.603076713370191,0.2517300204017611,0.3380090023692513
