Graph,#PC,Acc_avg,MMR_avg,BestMatch_avg
STRING,2000,0.19994738461651834,0.1558641825431438,0.45023980503944117
BioPlex,2000,0.17345285272433275,0.14141538445602214,0.3558981387174887
HuRI,2000,0.07531850122003711,0.08603674341402764,0.18344446800973568
BioGRID,2000,0.13611251000139252,0.11055585060620081,0.27330759881484534
ComPPI,2000,0.20439539625353298,0.13790492320059064,0.3100699106767103
IntAct,2000,0.1752030385933969,0.1154939631143671,0.27059884469230094
hu.MAP2,1875,0.2046171685502734,0.20572753458335608,0.5095157587301178
