Graph,#PC,Acc_avg,MMR_avg,BestMatch_avg
STRING,2000,0.18406539808667288,0.14661592913192556,0.4047981849255151
BioPlex,2000,0.15376125539544006,0.12824274279523523,0.31534386401113085
HuRI,2000,0.07567907650311265,0.08653034712394961,0.1837169209599261
BioGRID,2000,0.1350644016458983,0.11067593282127275,0.2690539046130659
ComPPI,2000,0.18737573086616371,0.1360629945583277,0.28819677207614985
IntAct,2000,0.16213906306972395,0.11032317915495005,0.2446923735785826
hu.MAP2,1885,0.20301645869621848,0.20644524757481442,0.5039119483597119
