Graph,#PC,Acc_avg,MMR_avg,BestMatch_avg
STRING,2000,0.18166840693291125,0.1436914816686059,0.403815181764913
BioPlex,2000,0.15718664508097324,0.1304023293341215,0.3178655212529585
HuRI,2000,0.0794589324913217,0.08985199016582804,0.2152880362995198
BioGRID,2000,0.13414032559868505,0.10641534028522545,0.27272813644206073
ComPPI,2000,0.18497308489823583,0.13349653293773414,0.28275487296215485
IntAct,2000,0.1627003695695192,0.1115438231510326,0.24783154919217454
hu.MAP2,1894,0.20447967991245564,0.2053025626844098,0.5067268329434501
