Graph,#PC,F1_CORUM,F1_ComplexPortal,MMR_CORUM,MMR_ComplexPortal
STRING,8000,0.3664681727334217,0.492912943102558,0.1540516275487535,0.2182831708037108
BioPlex,8000,0.4237169510609661,0.4955033048839598,0.2265958955408669,0.2768829384455646
HuRI,6793,0.2222620007729401,0.3120821926779158,0.1380824589942655,0.1236796360815574
BioGRID,8000,0.2831082285137639,0.3491571757578789,0.1585355371908709,0.1919094175312455
ComPPI,8000,0.3632446691012175,0.4000890929786128,0.2259378378475307,0.2465496886978129
IntAct,8000,0.3234582762116288,0.3800174738595586,0.1945895934087659,0.2322007925532493
hu.MAP2,2787,0.5023519986048327,0.5832644039348875,0.2323298250611184,0.3074324089178661
