Graph,#PC_mean,#PC_std,Acc_avg_mean,Acc_avg_std,MMR_avg_mean,MMR_avg_std,BestMatch_avg_mean,BestMatch_avg_std
BioGRID,2000.0,0.0,0.13327625965426437,0.002342890167573278,0.1074842097584731,0.0028139016883253973,0.26963486159654343,0.0028475955933457953
BioPlex,2000.0,0.0,0.1552877270122523,0.0017428025975691453,0.12950620419182998,0.0011256799933945872,0.3189038641587547,0.004177111195433786
ComPPI,2000.0,0.0,0.18536587492489995,0.001845089033331446,0.13417029889370924,0.0016616327929043142,0.28382583938827843,0.0039459979077832415
HuRI,2000.0,0.0,0.07735337544185257,0.0019264774827265198,0.08807554921166345,0.0016728513635206339,0.19955430414802824,0.01578581289004546
IntAct,2000.0,0.0,0.16245648838543805,0.00028778950841084597,0.1108009491542916,0.0006520759452479292,0.24596163891174713,0.0016535376160664902
STRING,2000.0,0.0,0.1819502675709733,0.001989233641629979,0.14457997478103504,0.0017679362861137125,0.40269475728575826,0.0028348704850303776
hu.MAP2,1891.3333333333333,5.507570547286121,0.20396554615464021,0.0008228867620548256,0.20614702714896405,0.00074176755257589,0.5070183104522532,0.0032618827802804846
