Graph,#PC,F1_CORUM,F1_ComplexPortal,MMR_CORUM,MMR_ComplexPortal
STRING,8000,0.5067662844518096,0.5555576218184494,0.2548282223629746,0.2550165989201187
BioPlex,8000,0.3971949851910503,0.448018949395144,0.2174515215833496,0.2581128744182799
HuRI,6722,0.2529526731577275,0.3349559091065159,0.138073368785765,0.1243826104204326
BioGRID,8000,0.2828796297871298,0.3595006772314137,0.1579921145756462,0.1900373648988927
ComPPI,8000,0.3964664720207863,0.3193509944231835,0.262404397586288,0.2041359447003669
IntAct,8000,0.3027997301888113,0.3020501346566786,0.2016443701167372,0.1799544534603084
hu.MAP2,2769,0.5105243324990876,0.5833966182280266,0.2379936563611896,0.3106000722813332
