Graph,#PC,Acc_avg,MMR_avg,BestMatch_avg
HuRI,2000,0.0860442018266528,0.08827776299831036,0.20224653369609646
