Graph,#PC,Acc_avg,MMR_avg,BestMatch_avg
STRING,2000,0.18638863106795295,0.1485028019645068,0.405130777118094
BioPlex,2000,0.16133498105700575,0.13636948434022383,0.34755611526173724
HuRI,2000,0.0866210829048087,0.0957139459337433,0.25811970896874986
BioGRID,2000,0.14768858511784017,0.11896252852578154,0.27861491301919467
ComPPI,2000,0.121256435798443,0.0857842180118426,0.1790982266994453
IntAct,2000,0.16830487647356268,0.1152915257075462,0.25724638612788625
hu.MAP2,2000,0.2119421682862713,0.22057410460495405,0.515206905062568
