Graph,#PC,F1_CORUM,F1_ComplexPortal,MMR_CORUM,MMR_ComplexPortal
STRING,8000,0.5110630982026437,0.5768890318033361,0.2612246151459024,0.2698472455529341
BioPlex,8000,0.4114554161467061,0.4695955782436397,0.2309284798240326,0.2819542238789082
HuRI,8000,0.2748654334025204,0.3598966477545943,0.152709208953016,0.1438008095372609
BioGRID,8000,0.2953814162466331,0.3653509645292805,0.1767221554303661,0.2132387198593786
ComPPI,8000,0.2287348772192724,0.2239367156739064,0.1671898896319006,0.1577125337497609
IntAct,8000,0.3212171828952886,0.3137470557410166,0.2077039032337836,0.1885640735528108
hu.MAP2,3222,0.5217428417958307,0.6021234207481586,0.2590528863928039,0.3380496615631418
