Graph,#PC,Acc_avg,MMR_avg,BestMatch_avg
STRING,2000,0.1801169976933358,0.14343251354257375,0.3994709051668467
BioPlex,2000,0.15491528056034376,0.12987354044613325,0.3235022072121748
HuRI,2000,0.07692211733112345,0.08784431034521284,0.1996579551846388
BioGRID,2000,0.1306240517182098,0.1053613561689212,0.2671225437345037
ComPPI,2000,0.1837488090103003,0.13295136918506595,0.28052587312653077
IntAct,2000,0.1625300325170711,0.11053584515689224,0.24536099396448435
hu.MAP2,1895,0.2044004998552466,0.20669327118766806,0.5104161500535976
