Graph,#PC,F1_CORUM,F1_ComplexPortal,MMR_CORUM,MMR_ComplexPortal
STRING,8000,0.5265273485599181,0.5814761702965731,0.2691958402871484,0.2784517140535998
BioPlex,8000,0.4143848330084224,0.4884639548533748,0.2231697834616517,0.2740219159037258
HuRI,6793,0.2222591391348583,0.3120821926779158,0.1382163565487979,0.1239105401159255
BioGRID,8000,0.2816732358921893,0.3459320617071534,0.1600137201427093,0.191239690181859
ComPPI,8000,0.4288481984713454,0.376729617646764,0.2837319330074696,0.2293811219035431
IntAct,8000,0.3242465295938289,0.3382200367535221,0.20500806018683,0.1942800318887414
hu.MAP2,2788,0.5023519986048327,0.5832655962900309,0.2325804072077832,0.3074335228376823
