Graph,#PC,F1_CORUM,F1_ComplexPortal,MMR_CORUM,MMR_ComplexPortal
STRING,8000,0.515477420872749,0.5587851825818476,0.2604024599185533,0.2608593817623907
BioPlex,8000,0.4113378034762655,0.4845494255224345,0.219399395042097,0.2690216298530358
HuRI,6793,0.2222591391348583,0.3120821926779158,0.1382163565487979,0.1239105401159255
BioGRID,8000,0.2821080366015146,0.3477259540689262,0.1608820651914723,0.1924433433808649
ComPPI,8000,0.4077031954993826,0.3222451413390695,0.2661555899216607,0.2065413937770117
IntAct,8000,0.3005756532577817,0.3001831105328272,0.2013566539611152,0.1803978159528003
hu.MAP2,2788,0.5023519986048327,0.5832655962900309,0.2325804072077832,0.3074335228376823
