Graph,#PC,F1_CORUM,F1_ComplexPortal,MMR_CORUM,MMR_ComplexPortal
STRING,8000,0.5047410453357023,0.5530312734775192,0.2570612988093908,0.2547898970753619
BioPlex,8000,0.3997922297843403,0.4454947014503244,0.2183719632246179,0.2614803231503604
HuRI,6669,0.2344249901919559,0.3137967827592052,0.1418773798388172,0.1237869916416564
BioGRID,8000,0.2784039503540261,0.3466642632432116,0.1545095039008962,0.1886817868315547
ComPPI,8000,0.3955078517516445,0.3194572824509202,0.2618914699242041,0.2039669595401733
IntAct,8000,0.2995308712003121,0.3015686997716041,0.2004252640192532,0.179043130747576
hu.MAP2,2798,0.509911803005808,0.5809556107752617,0.2323519576634634,0.3046368380065402
