Graph,#PC,F1_CORUM,F1_ComplexPortal,MMR_CORUM,MMR_ComplexPortal
HuRI,8000,0.2567260085662625,0.3467541252009879,0.1564181780914642,0.1443057824684722
