Graph,#PC_mean,#PC_std,F1_CORUM_mean,F1_CORUM_std,F1_ComplexPortal_mean,F1_ComplexPortal_std,MMR_CORUM_mean,MMR_CORUM_std,MMR_ComplexPortal_mean,MMR_ComplexPortal_std
BioGRID,8000.0,0.0,0.2811305389142235,0.002392603789487825,0.3512969648478505,0.0071244276616808265,0.15779456122267158,0.0031908705467302966,0.19038749837043745,0.0019050648294314343
BioPlex,8000.0,0.0,0.402775006150552,0.007528448937216572,0.459354358789301,0.021856040302100053,0.2184076266166882,0.0009744263240356407,0.2628716091405587,0.005585874489614008
ComPPI,8000.0,0.0,0.3998925064239378,0.006781215678627011,0.320351139404391,0.0016411144940662635,0.26348381914405095,0.0023279911968690998,0.20488143267251732,0.0014400493558962195
HuRI,6728.0,62.21736092120912,0.23654560082818055,0.015456260861091515,0.320278294847879,0.012740063776556244,0.13938903505779338,0.0021561554181066577,0.12402671405933817,0.0003143449081085119
IntAct,8000.0,0.0,0.30096875154896835,0.0016695072541242349,0.3012673149870366,0.0009693138609539125,0.20114209603236854,0.0006372450453488966,0.17979846672022823,0.0006906821979927084
STRING,8000.0,0.0,0.5089949168867536,0.005704607069350762,0.5557913592926055,0.0028840669895716384,0.2574306603636396,0.002805414773224074,0.25688862591929046,0.003440643094792054
hu.MAP2,2785.0,14.730919862656235,0.5075960447032427,0.004551792252148804,0.582539275097773,0.0013730572463869506,0.2343086737441454,0.003193332109961861,0.3075568110418519,0.00298352823683337
