graph,mode,seed,tag,n_pred,gold,bestmatch_f1,sn,ppv,acc,mmr,n_gold
BioPlex,pool,42,v3_bioplex_seed42,8000,CORUM,0.3367142611155066,0.2678847631716453,0.11865241412951344,0.17828396971917776,0.19999867808799757,2034
BioPlex,pool,42,v3_bioplex_seed42,8000,ComplexPortal,0.4845252421108898,0.36133980737767807,0.09112610206941126,0.181459329241678,0.2687947970073818,959
BioPlex,operating_point,42,v3_bioplex_seed42,2000,CORUM,0.23262955183386647,0.18413716560932183,0.13409393356790553,0.15713585476459158,0.10054817478190961,2034
BioPlex,operating_point,42,v3_bioplex_seed42,2000,ComplexPortal,0.3530099239923781,0.25883209547813985,0.10613778914086426,0.16574639173371725,0.14383430821089546,959
