graph,mode,seed,tag,n_pred,gold,bestmatch_f1,sn,ppv,acc,mmr,n_gold
BioPlex,pool,42,v3_paperbench_wdn2_bioplex_seed42,8000,CORUM,0.4143848330084224,0.3083356341142277,0.08894025900473232,0.1656002752368117,0.22316978346165176,1235
BioPlex,pool,42,v3_paperbench_wdn2_bioplex_seed42,8000,ComplexPortal,0.48846395485337485,0.3647371835675241,0.09533191078447169,0.18647008511726132,0.2740219159037258,961
BioPlex,operating_point,42,v3_paperbench_wdn2_bioplex_seed42,2000,CORUM,0.3315799167308379,0.23346250970536847,0.11290222721220962,0.16235281739559743,0.12336693860834345,1235
BioPlex,operating_point,42,v3_paperbench_wdn2_bioplex_seed42,2000,ComplexPortal,0.38021636070413956,0.2752380849200531,0.12374656835234646,0.1845528880530681,0.1594638303037009,961
