graph,mode,seed,tag,n_pred,gold,bestmatch_f1,sn,ppv,acc,mmr,n_gold
BioPlex,pool,42,v3_paperbench_ref_dgi_largeK_auto_bioplex_seed42,8000,CORUM,0.41145541614670617,0.3065736913947532,0.09777092755479812,0.17312999212026625,0.2309284798240326,1235
BioPlex,pool,42,v3_paperbench_ref_dgi_largeK_auto_bioplex_seed42,8000,ComplexPortal,0.4695955782436397,0.36193870077064927,0.11082900917923456,0.2002830686554171,0.2819542238789082,961
BioPlex,operating_point,42,v3_paperbench_ref_dgi_largeK_auto_bioplex_seed42,2000,CORUM,0.3250211068778605,0.23291278107422925,0.0975920239780619,0.15076614247036124,0.11593548120909158,1235
BioPlex,operating_point,42,v3_paperbench_ref_dgi_largeK_auto_bioplex_seed42,2000,ComplexPortal,0.37009112364561403,0.26665093802062134,0.11082249860974179,0.1719038196436503,0.15680348747135622,961
