graph,mode,seed,tag,n_pred,gold,bestmatch_f1,sn,ppv,acc,mmr,n_gold
BioPlex,pool,44,v3_paperbench_bioplex_seed44,8000,CORUM,0.3997922297843403,0.2995448006542597,0.08452266401157389,0.15911732948398133,0.2183719632246179,1235
BioPlex,pool,44,v3_paperbench_bioplex_seed44,8000,ComplexPortal,0.4454947014503244,0.3434317580643767,0.08949396242282617,0.17531420036899023,0.2614803231503604,961
BioPlex,operating_point,44,v3_paperbench_bioplex_seed44,2000,CORUM,0.2918066555174727,0.21439663081279067,0.0984262512198124,0.14526615794830228,0.11625351922665673,1235
BioPlex,operating_point,44,v3_paperbench_bioplex_seed44,2000,ComplexPortal,0.3551977589068769,0.2586875488266136,0.10468784800166339,0.16456440317238538,0.14349356166560986,961
