graph,mode,seed,tag,n_pred,gold,bestmatch_f1,sn,ppv,acc,mmr,n_gold
BioPlex,pool,42,v3_paperbench_bioplex_seed42,8000,CORUM,0.4113378034762655,0.30590027905564343,0.08550526548991855,0.16172842846603364,0.21939939504209702,1235
BioPlex,pool,42,v3_paperbench_bioplex_seed42,8000,ComplexPortal,0.4845494255224345,0.36164975094357626,0.09158880961817968,0.18199744555249478,0.2690216298530358,961
BioPlex,operating_point,42,v3_paperbench_bioplex_seed42,2000,CORUM,0.2776987835032843,0.20290624358287146,0.09849734455568906,0.1413708816789464,0.11240775301140084,1235
BioPlex,operating_point,42,v3_paperbench_bioplex_seed42,2000,ComplexPortal,0.35298894451897744,0.258804669496189,0.10666872398512146,0.1661516291119337,0.1440777325790697,961
