graph,mode,seed,tag,n_pred,gold,bestmatch_f1,sn,ppv,acc,mmr,n_gold
BioPlex,pool,42,v3_paperbench_dnxcoh_bioplex_seed42,8000,CORUM,0.4237169510609661,0.30951917319585615,0.08987553178924558,0.16678789011779355,0.2265958955408669,1235
BioPlex,pool,42,v3_paperbench_dnxcoh_bioplex_seed42,8000,ComplexPortal,0.4955033048839598,0.36557401639263476,0.09913036345767125,0.1903667122048457,0.27688293844556466,961
BioPlex,operating_point,42,v3_paperbench_dnxcoh_bioplex_seed42,2000,CORUM,0.3345959100361516,0.2324461327047911,0.09362227728449081,0.14751995217527525,0.11369951713766163,1235
BioPlex,operating_point,42,v3_paperbench_dnxcoh_bioplex_seed42,2000,ComplexPortal,0.3718047827056843,0.2633735112582324,0.10635437649517225,0.1673646485229588,0.15505755104389396,961
