graph,mode,seed,tag,n_pred,gold,bestmatch_f1,sn,ppv,acc,mmr,n_gold
BioPlex,pool,43,v3_paperbench_bioplex_seed43,8000,CORUM,0.3971949851910503,0.29733700587904555,0.08443692648344593,0.15844943327830777,0.21745152158334968,1235
BioPlex,pool,43,v3_paperbench_bioplex_seed43,8000,ComplexPortal,0.448018949395144,0.3471638009341467,0.09024799933261857,0.17700519335605439,0.2581128744182799,961
BioPlex,operating_point,43,v3_paperbench_bioplex_seed43,2000,CORUM,0.2765113577964145,0.20519956441669637,0.10106969085494315,0.1440120013719846,0.11615012673167274,1235
BioPlex,operating_point,43,v3_paperbench_bioplex_seed43,2000,ComplexPortal,0.3592196847095026,0.2656564989356942,0.10924998573139452,0.17036128878996196,0.14465453193657038,961
