graph,mode,seed,tag,n_pred,gold,bestmatch_f1,sn,ppv,acc,mmr,n_gold
BioPlex,pool,42,v3_ref_dgi_largeK_bioplex_seed42,8000,CORUM,0.3410686190487436,0.27481173698581923,0.13103062487413958,0.18975972602214514,0.2093779719103998,2034
BioPlex,pool,42,v3_ref_dgi_largeK_bioplex_seed42,8000,ComplexPortal,0.45894454172966787,0.3585032760082279,0.1043700314191584,0.1934347388160926,0.27929161903007066,959
BioPlex,operating_point,42,v3_ref_dgi_largeK_bioplex_seed42,2000,CORUM,0.2472729645058965,0.19526998066065773,0.14666440491348354,0.16923107135234594,0.10615255653565432,2034
BioPlex,operating_point,42,v3_ref_dgi_largeK_bioplex_seed42,2000,ComplexPortal,0.3650569602383572,0.26988383813779093,0.11827405342481699,0.17866240648329954,0.15303871240115238,959
