graph,mode,seed,tag,n_pred,gold,bestmatch_f1,sn,ppv,acc,mmr,n_gold
BioPlex,pool,42,v3_ref_dgi_largeK_auto_bioplex_seed42,8000,CORUM,0.34971790676942516,0.27233096089140807,0.13490776320802086,0.19167566560768967,0.21137413980548833,2034
BioPlex,pool,42,v3_ref_dgi_largeK_auto_bioplex_seed42,8000,ComplexPortal,0.4696015776193129,0.3616539518743033,0.11045391806630744,0.19986519449038792,0.28158966328104795,959
BioPlex,operating_point,42,v3_ref_dgi_largeK_auto_bioplex_seed42,2000,CORUM,0.2658004262883698,0.19977891222637925,0.1324564295065738,0.16267145233326405,0.10265344187947338,2034
BioPlex,operating_point,42,v3_ref_dgi_largeK_auto_bioplex_seed42,2000,ComplexPortal,0.3701455434646377,0.2664938485758249,0.11021335981636896,0.17138022762832456,0.15637089103123913,959
