graph,mode,seed,tag,n_pred,gold,bestmatch_f1,sn,ppv,acc,mmr,n_gold
BioPlex,pool,42,v3auto_bioplex_seed42,8000,CORUM,0.3536418820015344,0.2335817177445429,0.09924356952295597,0.15225466641213997,0.1686607524871628,2034
BioPlex,pool,42,v3auto_bioplex_seed42,8000,ComplexPortal,0.4970804648284769,0.34708176129413165,0.08855764756648407,0.17531897870293525,0.25578780481039204,959
BioPlex,operating_point,42,v3auto_bioplex_seed42,2000,CORUM,0.264536151994357,0.16367837930843315,0.10274113617777661,0.1296784587272902,0.08001372469109964,2034
BioPlex,operating_point,42,v3auto_bioplex_seed42,2000,ComplexPortal,0.36686372443945625,0.24554747609768787,0.09393827657880331,0.15187595834394493,0.139909151720994,959
