graph,mode,seed,tag,n_pred,gold,bestmatch_f1,sn,ppv,acc,mmr,n_gold
BioPlex,pool,42,v3hyb02_bioplex_seed42,8000,CORUM,0.33730651884641377,0.22494986443721535,0.09050985331672298,0.1426890999124638,0.15840643446112881,2034
BioPlex,pool,42,v3hyb02_bioplex_seed42,8000,ComplexPortal,0.4838499862972817,0.3383223721075352,0.07926960162265081,0.16376409758245103,0.24096097503764957,959
BioPlex,operating_point,42,v3hyb02_bioplex_seed42,2000,CORUM,0.23260764371863554,0.1475316376052385,0.10841170757939486,0.12646800684271248,0.08011945518177216,2034
BioPlex,operating_point,42,v3hyb02_bioplex_seed42,2000,ComplexPortal,0.35557467018976574,0.23783239400563425,0.09523261584458614,0.15049717942119983,0.12772443453174645,959
