graph,mode,seed,tag,n_pred,gold,bestmatch_f1,sn,ppv,acc,mmr,n_gold
BioPlex,pool,42,v3learn_bioplex_seed42,8000,CORUM,0.35744109239965216,0.2337917667781652,0.10068351540989899,0.15342417330107047,0.16712609951976848,2034
BioPlex,pool,42,v3learn_bioplex_seed42,8000,ComplexPortal,0.4962604921372786,0.3455881924176187,0.08907813384726901,0.17545469859827748,0.25414246012883124,959
BioPlex,operating_point,42,v3learn_bioplex_seed42,2000,CORUM,0.2830549041326272,0.17543274088941643,0.14520447899859504,0.1596045730552331,0.09697902473295014,2034
BioPlex,operating_point,42,v3learn_bioplex_seed42,2000,ComplexPortal,0.4016344888155836,0.2679417032982512,0.1304969575517337,0.1869908475879264,0.15663773450868218,959
