graph,mode,seed,tag,n_pred,gold,bestmatch_f1,sn,ppv,acc,mmr,n_gold
BioPlex,pool,42,v3learned_bioplex_seed42,8000,CORUM,0.3574141691426404,0.23376319270829315,0.10072049457656565,0.15344296785247707,0.16715527901933297,2034
BioPlex,pool,42,v3learned_bioplex_seed42,8000,ComplexPortal,0.496353106046368,0.34560364060824944,0.08910717425130942,0.17548721841081816,0.2543847158455395,959
BioPlex,operating_point,42,v3learned_bioplex_seed42,2000,CORUM,0.2830549041326272,0.17543274088941643,0.14525209804621406,0.15963074165142999,0.09697902473295014,2034
BioPlex,operating_point,42,v3learned_bioplex_seed42,2000,ComplexPortal,0.4016344888155836,0.2679417032982512,0.1304969575517337,0.1869908475879264,0.15663773450868218,959
