graph,mode,seed,tag,n_pred,gold,bestmatch_f1,sn,ppv,acc,mmr,n_gold
HuRI,pool,42,blocks_rerankonly_huri_seed42,4959,CORUM,0.204277077523891,0.12291736625670441,0.024411404621840483,0.05477760092175791,0.07822861516308724,911
HuRI,pool,42,blocks_rerankonly_huri_seed42,4959,ComplexPortal,0.2653369616220272,0.1576109805489289,0.015641394608405402,0.049651339774305234,0.07571299700937281,618
HuRI,operating_point,42,blocks_rerankonly_huri_seed42,2000,CORUM,0.15809603038965417,0.09563389767570545,0.025006201995172582,0.04890235743667534,0.04706010582645925,911
HuRI,operating_point,42,blocks_rerankonly_huri_seed42,2000,ComplexPortal,0.1869920495012578,0.11083142192680626,0.01796598185991568,0.044622811608477364,0.04740602886900237,618
