graph,mode,seed,tag,n_pred,gold,bestmatch_f1,sn,ppv,acc,mmr,n_gold
HuRI,pool,42,linkonly_huri_seed42,3855,CORUM,0.17392547221849514,0.09235342336552337,0.012601328290911316,0.03411415844804734,0.0402903708355213,911
HuRI,pool,42,linkonly_huri_seed42,3855,ComplexPortal,0.2462955569381638,0.12464222031837566,0.007180179033897352,0.029915772713878134,0.03833728011141625,618
HuRI,operating_point,42,linkonly_huri_seed42,2000,CORUM,0.13513722467205003,0.07604485649682834,0.015385155473913958,0.034204706404165786,0.030751253585204173,911
HuRI,operating_point,42,linkonly_huri_seed42,2000,ComplexPortal,0.16245637471202956,0.09076288348496149,0.010023485074293898,0.03016223479637057,0.029875192991302358,618
