graph,mode,seed,tag,n_pred,gold,bestmatch_f1,sn,ppv,acc,mmr,n_gold
HuRI,pool,42,oracle_avg_rerankonly_huri_seed42,6800,CORUM,0.22659347282538972,0.1333931761872805,0.020655643525747683,0.05249116017094422,0.086901449380149,911
HuRI,pool,42,oracle_avg_rerankonly_huri_seed42,6800,ComplexPortal,0.31054617373180915,0.17614204869068234,0.013180800903300998,0.048183952458172565,0.08438286322970528,618
HuRI,operating_point,42,oracle_avg_rerankonly_huri_seed42,2000,CORUM,0.22659347282538972,0.1333931761872805,0.07022918798754212,0.09678891696218038,0.086901449380149,911
HuRI,operating_point,42,oracle_avg_rerankonly_huri_seed42,2000,ComplexPortal,0.31054617373180915,0.17614204869068234,0.044814723071223396,0.08884681836324178,0.08438286322970528,618
