graph,mode,seed,tag,n_pred,gold,bestmatch_f1,sn,ppv,acc,mmr,n_gold
HuRI,pool,42,oracle_avg_nms_huri_seed42,6800,CORUM,0.22659347282538972,0.1333931761872805,0.020655643525747683,0.05249116017094422,0.086901449380149,911
HuRI,pool,42,oracle_avg_nms_huri_seed42,6800,ComplexPortal,0.31054617373180915,0.17614204869068234,0.013180800903300998,0.048183952458172565,0.08438286322970528,618
HuRI,operating_point,42,oracle_avg_nms_huri_seed42,2000,CORUM,0.2185965650032939,0.12778923924595384,0.03918471806767408,0.07076288089058594,0.06867735048556037,911
HuRI,operating_point,42,oracle_avg_nms_huri_seed42,2000,ComplexPortal,0.278647491740323,0.16043780133190422,0.024956869571466533,0.0632773678511772,0.06706800999049171,618
