graph,mode,seed,tag,n_pred,gold,bestmatch_f1,sn,ppv,acc,mmr,n_gold
HuRI,pool,42,v3_paperbench_learned_huri_seed42,6793,CORUM,0.22225913913485837,0.17817784020153035,0.03243166122884814,0.07601712538569103,0.13768397140993133,594
HuRI,pool,42,v3_paperbench_learned_huri_seed42,6793,ComplexPortal,0.3120821926779158,0.20550674714557413,0.02844025393910947,0.0764504027132656,0.12393242879635079,615
HuRI,operating_point,42,v3_paperbench_learned_huri_seed42,2000,CORUM,0.17667403717847996,0.1554856832630279,0.0348243492545203,0.0735845618185595,0.08836849913222183,594
HuRI,operating_point,42,v3_paperbench_learned_huri_seed42,2000,ComplexPortal,0.1877303184245369,0.16253660286654514,0.030241886548278328,0.07011001001164262,0.07486739178059851,615
