graph,mode,seed,tag,n_pred,gold,bestmatch_f1,sn,ppv,acc,mmr,n_gold
HuRI,pool,42,v3_paperbench_dnxcoh_huri_seed42,6793,CORUM,0.22226200077294012,0.17817784020153035,0.03243174017416136,0.0760172179062696,0.13808245899426552,594
HuRI,pool,42,v3_paperbench_dnxcoh_huri_seed42,6793,ComplexPortal,0.3120821926779158,0.20550674714557413,0.028440249685252335,0.07645039699585703,0.12367963608155742,615
HuRI,operating_point,42,v3_paperbench_dnxcoh_huri_seed42,2000,CORUM,0.18450119734529702,0.15325251748089763,0.03902107588807308,0.07733096478552659,0.0927613306457819,594
HuRI,operating_point,42,v3_paperbench_dnxcoh_huri_seed42,2000,ComplexPortal,0.2600970426466002,0.1767854438454929,0.035606236206041544,0.07933892028098513,0.08286338930287052,615
