graph,mode,seed,tag,n_pred,gold,bestmatch_f1,sn,ppv,acc,mmr,n_gold
HuRI,pool,42,v3_paperbench_huri_seed42,6793,CORUM,0.22225913913485837,0.17817784020153035,0.03243166122884814,0.07601712538569103,0.13821635654879796,594
HuRI,pool,42,v3_paperbench_huri_seed42,6793,ComplexPortal,0.3120821926779158,0.20550674714557413,0.02844025393910947,0.0764504027132656,0.12391054011592553,615
HuRI,operating_point,42,v3_paperbench_huri_seed42,2000,CORUM,0.16913393985737551,0.15695510602772306,0.036969834126187845,0.07617482678091987,0.0921313417430431,594
HuRI,operating_point,42,v3_paperbench_huri_seed42,2000,ComplexPortal,0.19829990206247677,0.16935738312627266,0.03337635736899757,0.07518332622530553,0.08092935250485614,615
