graph,mode,seed,tag,n_pred,gold,bestmatch_f1,sn,ppv,acc,mmr,n_gold
HuRI,pool,42,v3_paperbench_wdn2_j05_huri_seed42,5432,CORUM,0.23641221627529377,0.1761564905182232,0.035053788395820476,0.07858086499381482,0.13401727062227722,594
HuRI,pool,42,v3_paperbench_wdn2_j05_huri_seed42,5432,ComplexPortal,0.3047622731755471,0.19993754211465387,0.031369579483082166,0.07919568560860953,0.11691183622988567,615
HuRI,operating_point,42,v3_paperbench_wdn2_j05_huri_seed42,2000,CORUM,0.17390786963130528,0.1586135556028393,0.03891098324564449,0.07856086433202081,0.09504663493959724,594
HuRI,operating_point,42,v3_paperbench_wdn2_j05_huri_seed42,2000,ComplexPortal,0.2026669171611992,0.17138990345147592,0.03543053741023257,0.07792583901360103,0.08320601977721927,615
