graph,mode,seed,tag,n_pred,gold,bestmatch_f1,sn,ppv,acc,mmr,n_gold
HuRI,pool,42,v3_paperbench_wdn2_res1_huri_seed42,6852,CORUM,0.22242161432161123,0.17817784020153035,0.03225137938610517,0.07580554809864762,0.13826546942480283,594
HuRI,pool,42,v3_paperbench_wdn2_res1_huri_seed42,6852,ComplexPortal,0.3122625170090596,0.20550674714557413,0.028266322780835167,0.0762162715465423,0.12399782598086535,615
HuRI,operating_point,42,v3_paperbench_wdn2_res1_huri_seed42,2000,CORUM,0.1694856501381638,0.15695510602772306,0.036750656319264094,0.07594868767252339,0.09172849966327164,594
HuRI,operating_point,42,v3_paperbench_wdn2_res1_huri_seed42,2000,ComplexPortal,0.19772395286864136,0.16899604617956984,0.03286504424108242,0.07452558308567314,0.0798597592195053,615
