graph,mode,seed,tag,n_pred,gold,bestmatch_f1,sn,ppv,acc,mmr,n_gold
HuRI,pool,42,v3_paperbench_wdn2_ahn_huri_seed42,6407,CORUM,0.21322520036563847,0.17671238506816148,0.03235999587033454,0.0756201828286779,0.13431093920403928,594
HuRI,pool,42,v3_paperbench_wdn2_ahn_huri_seed42,6407,ComplexPortal,0.3001568892994019,0.20718025342940485,0.028324372240469842,0.07660450782433982,0.12096060618249957,615
HuRI,operating_point,42,v3_paperbench_wdn2_ahn_huri_seed42,2000,CORUM,0.17215052145327198,0.15751738024072617,0.03727315774488956,0.07662356139774722,0.09185086361168776,594
HuRI,operating_point,42,v3_paperbench_wdn2_ahn_huri_seed42,2000,ComplexPortal,0.24149841029356087,0.1815934758611533,0.03324567927999422,0.07769941092324494,0.08108587311032148,615
