graph,mode,seed,tag,n_pred,gold,bestmatch_f1,sn,ppv,acc,mmr,n_gold
HuRI,pool,44,v3_paperbench_huri_seed44,6669,CORUM,0.23442499019195595,0.18740457001077768,0.03230615603560266,0.07780951921553819,0.14187737983881726,594
HuRI,pool,44,v3_paperbench_huri_seed44,6669,ComplexPortal,0.31379678275920525,0.2068349459417768,0.02819766186036687,0.07636924686399285,0.12378699164165648,615
HuRI,operating_point,44,v3_paperbench_huri_seed44,2000,CORUM,0.18269412996812484,0.16140266689584923,0.036445521564763717,0.07669683420430759,0.09296708336355453,594
HuRI,operating_point,44,v3_paperbench_huri_seed44,2000,ComplexPortal,0.21662178040115287,0.17644446270877598,0.033731415007571416,0.07714740045793948,0.08272153732687122,615
