graph,mode,seed,tag,n_pred,gold,bestmatch_f1,sn,ppv,acc,mmr,n_gold
HuRI,pool,42,v3_paperbench_ref_dgi_largeK_auto_huri_seed42,8000,CORUM,0.27486543340252045,0.21126380213857188,0.034896753290727445,0.08586280208851095,0.15270920895301604,594
HuRI,pool,42,v3_paperbench_ref_dgi_largeK_auto_huri_seed42,8000,ComplexPortal,0.3598966477545943,0.23272182028166932,0.030139205365936304,0.08374992975879891,0.14380080953726093,615
HuRI,operating_point,42,v3_paperbench_ref_dgi_largeK_auto_huri_seed42,2000,CORUM,0.22223520987010426,0.1741012231562599,0.042931330708578436,0.08645459610737538,0.1006602750994465,594
HuRI,operating_point,42,v3_paperbench_ref_dgi_largeK_auto_huri_seed42,2000,ComplexPortal,0.2940042080673955,0.19377501620642046,0.03887024448393248,0.08678756970224216,0.0907676167680401,615
