graph,mode,seed,tag,n_pred,gold,bestmatch_f1,sn,ppv,acc,mmr,n_gold
HuRI,pool,42,v3_paperbench_wdn2_incl_huri_seed42,6660,CORUM,0.21558284007044526,0.17661969010794065,0.03205515046761495,0.07524340995697604,0.1359288363515962,594
HuRI,pool,42,v3_paperbench_wdn2_incl_huri_seed42,6660,ComplexPortal,0.2968534351477425,0.20297709434941733,0.02814883555807638,0.07558815284750582,0.12144859258383855,615
HuRI,operating_point,42,v3_paperbench_wdn2_incl_huri_seed42,2000,CORUM,0.16916809786254802,0.15710695060006571,0.03650127467058509,0.07572716788914689,0.09121272804268475,594
HuRI,operating_point,42,v3_paperbench_wdn2_incl_huri_seed42,2000,ComplexPortal,0.19716427165855366,0.1689237787902293,0.032603162153689066,0.07421219139408125,0.07961240580211976,615
