graph,mode,seed,tag,n_pred,gold,bestmatch_f1,sn,ppv,acc,mmr,n_gold
HuRI,pool,43,v3_paperbench_huri_seed43,6722,CORUM,0.25295267315772757,0.19030850849341988,0.03220534241089221,0.0782876151108001,0.138073368785765,594
HuRI,pool,43,v3_paperbench_huri_seed43,6722,ComplexPortal,0.33495590910651596,0.2129797897608932,0.02821778712930609,0.0775230183256383,0.12438261042043265,615
HuRI,operating_point,43,v3_paperbench_huri_seed43,2000,CORUM,0.20309547374805118,0.17208100760365122,0.03733660890870459,0.08015560667547433,0.09538538186366587,594
HuRI,operating_point,43,v3_paperbench_huri_seed43,2000,ComplexPortal,0.2274805988509885,0.18077595598966392,0.03431592049774544,0.07876225830716915,0.08431859846799031,615
