graph,mode,seed,tag,n_pred,gold,bestmatch_f1,sn,ppv,acc,mmr,n_gold
HuRI,pool,42,v3_paperbench_wdn2_split_huri_seed42,6793,CORUM,0.22226200077294012,0.17817784020153035,0.03243174017416136,0.0760172179062696,0.13821635654879796,594
HuRI,pool,42,v3_paperbench_wdn2_split_huri_seed42,6793,ComplexPortal,0.3120821926779158,0.20550674714557413,0.028440249685252335,0.07645039699585703,0.12391054011592553,615
HuRI,operating_point,42,v3_paperbench_wdn2_split_huri_seed42,2000,CORUM,0.16916498315083014,0.15695510602772306,0.03681205118414958,0.07601210033084316,0.09196433502841736,594
HuRI,operating_point,42,v3_paperbench_wdn2_split_huri_seed42,2000,ComplexPortal,0.19772395286864136,0.16899604617956984,0.03295270002290476,0.0746249021092311,0.080109151799638,615
