graph,mode,seed,tag,n_pred,gold,bestmatch_f1,sn,ppv,acc,mmr,n_gold
HuRI,pool,42,v3_ref_dgi_largeK_topk6_huri_seed42,8000,CORUM,0.24240698285588566,0.2022415610028765,0.050630571633326765,0.10119093754675842,0.15717628844516304,896
HuRI,pool,42,v3_ref_dgi_largeK_topk6_huri_seed42,8000,ComplexPortal,0.3066215875106299,0.22229394967318092,0.030709128248205188,0.08262235417436241,0.14065525302428544,616
HuRI,operating_point,42,v3_ref_dgi_largeK_topk6_huri_seed42,2000,CORUM,0.16226736263173588,0.15737472660631413,0.05361008633431097,0.09185245059443481,0.09520040736369988,896
HuRI,operating_point,42,v3_ref_dgi_largeK_topk6_huri_seed42,2000,ComplexPortal,0.19892172520937249,0.16867621922419157,0.03344324550478929,0.07510712489727121,0.07978255900083099,616
