graph,mode,seed,tag,n_pred,gold,bestmatch_f1,sn,ppv,acc,mmr,n_gold
HuRI,pool,42,v3_ref_dgi_largeK_auto_huri_seed42,8000,CORUM,0.26532015345327836,0.20614832770205263,0.0504504695537333,0.10198176273376255,0.15576485968497597,896
HuRI,pool,42,v3_ref_dgi_largeK_auto_huri_seed42,8000,ComplexPortal,0.35928925977984805,0.232424349829741,0.030152084252943696,0.08371426747276721,0.14397843889420014,616
HuRI,operating_point,42,v3_ref_dgi_largeK_auto_huri_seed42,2000,CORUM,0.2067773507001453,0.1702426347215524,0.06096519596518587,0.10187676667144967,0.10026176328720647,896
HuRI,operating_point,42,v3_ref_dgi_largeK_auto_huri_seed42,2000,ComplexPortal,0.2935171096986225,0.19350630654239,0.03888305818125049,0.08674166804786869,0.0907713087406913,616
