graph,mode,seed,tag,n_pred,gold,bestmatch_f1,sn,ppv,acc,mmr,n_gold
HuRI,pool,42,v3_ref_hybrid_mod0p1_huri_seed42,6837,CORUM,0.23500330577882567,0.1889933182558233,0.046301829896721415,0.09354537120295191,0.13768721183202465,896
HuRI,pool,42,v3_ref_hybrid_mod0p1_huri_seed42,6837,ComplexPortal,0.3160324220498334,0.20632258614043095,0.027953470927418907,0.07594361338089214,0.12364174130278496,616
HuRI,operating_point,42,v3_ref_hybrid_mod0p1_huri_seed42,2000,CORUM,0.16237496946520194,0.1548484254497638,0.05308042790084274,0.0906610207456612,0.09055415237150226,896
HuRI,operating_point,42,v3_ref_hybrid_mod0p1_huri_seed42,2000,ComplexPortal,0.1939667955791182,0.16302102785471448,0.03325479449933843,0.0736290077373005,0.07828966014424793,616
