graph,mode,seed,tag,n_pred,gold,bestmatch_f1,sn,ppv,acc,mmr,n_gold
HuRI,pool,42,v3_ref_dgi_largeK_learned_huri_seed42,8000,CORUM,0.26230692615967166,0.2053009452454131,0.048365704586418694,0.09964700130486702,0.15378200011325402,896
HuRI,pool,42,v3_ref_dgi_largeK_learned_huri_seed42,8000,ComplexPortal,0.34686570930475946,0.229706843760472,0.02893866016325742,0.08153163980172831,0.14114123096980344,616
HuRI,operating_point,42,v3_ref_dgi_largeK_learned_huri_seed42,2000,CORUM,0.13085839512459632,0.1316243273641356,0.0431048269895792,0.07532359430252118,0.07444648397215503,896
HuRI,operating_point,42,v3_ref_dgi_largeK_learned_huri_seed42,2000,ComplexPortal,0.14535629891987095,0.1285092996256114,0.02558946343645897,0.0573453051610551,0.06092549251140332,616
