graph,mode,seed,tag,n_pred,gold,bestmatch_f1,sn,ppv,acc,mmr,n_gold
HuRI,pool,42,v3_ref_dgi_largeK_mp1_huri_seed42,8000,CORUM,0.25688013271592236,0.20586351976846254,0.050049544738000266,0.10150554390068489,0.1555018165208321,896
HuRI,pool,42,v3_ref_dgi_largeK_mp1_huri_seed42,8000,ComplexPortal,0.34778999409399963,0.23176966991369743,0.030007654904136975,0.08339582886461391,0.14274802099839073,616
HuRI,operating_point,42,v3_ref_dgi_largeK_mp1_huri_seed42,2000,CORUM,0.17668857132640095,0.16298595627948004,0.05419280911686191,0.09398226863288128,0.09552279604414182,896
HuRI,operating_point,42,v3_ref_dgi_largeK_mp1_huri_seed42,2000,ComplexPortal,0.2325517577326965,0.18212362413753633,0.03440481454847125,0.07915762448019407,0.0827681347901863,616
