graph,mode,seed,tag,n_pred,gold,bestmatch_f1,sn,ppv,acc,mmr,n_gold
HuRI,pool,42,v3_rerankonly_huri_seed42,6800,CORUM,0.22659347282538972,0.1333931761872805,0.02065564352574768,0.05249116017094421,0.08673998950408977,911
HuRI,pool,42,v3_rerankonly_huri_seed42,6800,ComplexPortal,0.31054617373180915,0.17614204869068234,0.013180800903300998,0.048183952458172565,0.08438286322970528,618
HuRI,operating_point,42,v3_rerankonly_huri_seed42,2000,CORUM,0.15135471762669214,0.0913383121781441,0.02306548299195358,0.04589948023734833,0.04327804616761582,911
HuRI,operating_point,42,v3_rerankonly_huri_seed42,2000,ComplexPortal,0.18243217318238664,0.1080974155520232,0.01649821278258778,0.04223048854826442,0.04410446000668252,618
