graph,mode,seed,tag,n_pred,gold,bestmatch_f1,sn,ppv,acc,mmr,n_gold
HuRI,pool,42,v3_ref_dgi_largeK_dnxcoh_huri_seed42,8000,CORUM,0.26532015345327836,0.20611732571792563,0.05040714252861369,0.10193029684583563,0.15566565333576962,896
HuRI,pool,42,v3_ref_dgi_largeK_dnxcoh_huri_seed42,8000,ComplexPortal,0.3594073235342754,0.232424349829741,0.03016946302896615,0.08373838922035619,0.14381900011868998,616
HuRI,operating_point,42,v3_ref_dgi_largeK_dnxcoh_huri_seed42,2000,CORUM,0.21490258594981188,0.17073486232545437,0.05937187209654059,0.10068191698814312,0.09740052478295673,896
HuRI,operating_point,42,v3_ref_dgi_largeK_dnxcoh_huri_seed42,2000,ComplexPortal,0.2995924101303019,0.19620050976739467,0.03810905792245504,0.08646974379018853,0.08832683318937541,616
