graph,mode,seed,tag,n_pred,gold,bestmatch_f1,sn,ppv,acc,mmr,n_gold
HuRI,pool,42,v3_ref_dgi_largeK29_huri_seed42,8000,CORUM,0.2567260085662625,0.20612910343248367,0.050744731322844024,0.10227397504497471,0.15641817809146424,896
HuRI,pool,42,v3_ref_dgi_largeK29_huri_seed42,8000,ComplexPortal,0.3467541252009879,0.23189743566646318,0.030222459795318093,0.08371684971418267,0.14430578246847228,616
HuRI,operating_point,42,v3_ref_dgi_largeK29_huri_seed42,2000,CORUM,0.17510481282299958,0.16247113545215922,0.05416094684428755,0.09380613269373936,0.09487840333780719,896
HuRI,operating_point,42,v3_ref_dgi_largeK29_huri_seed42,2000,ComplexPortal,0.2293882545691934,0.18053632255023475,0.0339439391476571,0.07828227095956633,0.08167712265881365,616
