graph,mode,seed,tag,n_pred,gold,bestmatch_f1,sn,ppv,acc,mmr,n_gold
HuRI,pool,42,v3_updated_graphs_huri_seed42,6793,CORUM,0.22909820122137262,0.18363403704876502,0.046466826619094515,0.0923736486283255,0.139831988137375,896
HuRI,pool,42,v3_updated_graphs_huri_seed42,6793,ComplexPortal,0.3115524255718005,0.20525345700717842,0.028468923607458063,0.07644177514752022,0.1239706056572809,616
HuRI,operating_point,42,v3_updated_graphs_huri_seed42,2000,CORUM,0.16080104838793266,0.15731195557982927,0.052407711283221,0.0907984556555153,0.09229993543068117,896
HuRI,operating_point,42,v3_updated_graphs_huri_seed42,2000,ComplexPortal,0.19796816782682863,0.16916438751305773,0.03339851630441082,0.0751654146165677,0.08074995879024133,616
