graph,mode,seed,tag,n_pred,gold,bestmatch_f1,sn,ppv,acc,mmr,n_gold
HuRI,pool,42,v3ahn0_huri_seed42,6601,CORUM,0.2185772826195427,0.12917428653995083,0.020781666236676426,0.051811744896635765,0.0844477482795349,911
HuRI,pool,42,v3ahn0_huri_seed42,6601,ComplexPortal,0.2979519374713125,0.1699469371725681,0.013153561540824851,0.04728009620098154,0.08186066736384424,618
HuRI,operating_point,42,v3ahn0_huri_seed42,2000,CORUM,0.15915318279075838,0.09621863025824264,0.022936011374246668,0.046977351968980625,0.04723793354190259,911
HuRI,operating_point,42,v3ahn0_huri_seed42,2000,ComplexPortal,0.19848521811779912,0.1192723698128728,0.016235159939977383,0.044004613398280414,0.04922283071091301,618
