graph,mode,seed,tag,n_pred,gold,bestmatch_f1,sn,ppv,acc,mmr,n_gold
HuRI,pool,42,v3ahn_huri_seed42,6594,CORUM,0.2209398409091543,0.13065505150546197,0.02060643626976125,0.051887715233662736,0.08500944720159423,896
HuRI,pool,42,v3ahn_huri_seed42,6594,ComplexPortal,0.29891729893383473,0.17071185984931955,0.013188654516577518,0.04744954943342536,0.08180885165419957,616
HuRI,operating_point,42,v3ahn_huri_seed42,2000,CORUM,0.1609923749185449,0.09739437769848282,0.02271975154711727,0.047040153734821365,0.04754472557034976,896
HuRI,operating_point,42,v3ahn_huri_seed42,2000,ComplexPortal,0.1988958116116153,0.11969684942944822,0.01609796657778402,0.04389619438608891,0.048885676336382286,616
