graph,mode,seed,tag,n_pred,gold,bestmatch_f1,sn,ppv,acc,mmr,n_gold
HuRI,pool,42,v3auto_huri_seed42,6793,CORUM,0.22909820122137262,0.18363403704876502,0.04646682661909452,0.09237364862832552,0.13934219369529266,896
HuRI,pool,42,v3auto_huri_seed42,6793,ComplexPortal,0.3115524255718005,0.20525345700717842,0.028468923607458063,0.07644177514752022,0.12388911472757572,616
HuRI,operating_point,42,v3auto_huri_seed42,2000,CORUM,0.1813880677595296,0.15601967711821157,0.05628799041010832,0.09371250764662148,0.09327626712341315,896
HuRI,operating_point,42,v3auto_huri_seed42,2000,ComplexPortal,0.25676247115110773,0.17530211252971173,0.03569764600794261,0.07910671752468415,0.08373424704043829,616
