graph,mode,seed,tag,n_pred,gold,bestmatch_f1,sn,ppv,acc,mmr,n_gold
HuRI,pool,42,v3coh_huri_seed42,6793,CORUM,0.22909820122137262,0.1349535464268212,0.020491534449472392,0.05258712053044622,0.0867049920456527,896
HuRI,pool,42,v3coh_huri_seed42,6793,ComplexPortal,0.3115524255718005,0.17692708536586926,0.013220657776937038,0.04836416490639617,0.0842561845989109,616
HuRI,operating_point,42,v3coh_huri_seed42,2000,CORUM,0.19279043508156612,0.10586235619382489,0.026280689918447887,0.05274595488913053,0.0519644041009383,896
HuRI,operating_point,42,v3coh_huri_seed42,2000,ComplexPortal,0.2706067225116417,0.14482841292499674,0.01842964766430527,0.05166368765378837,0.05275044828924602,616
