graph,mode,seed,tag,n_pred,gold,bestmatch_f1,sn,ppv,acc,mmr,n_gold
HuRI,pool,42,v3codeseg_huri_seed42,4959,CORUM,0.204277077523891,0.12291736625670441,0.024411404621840483,0.05477760092175791,0.07822861516308724,911
HuRI,pool,42,v3codeseg_huri_seed42,4959,ComplexPortal,0.2653369616220272,0.1576109805489289,0.015641394608405402,0.049651339774305234,0.07571299700937281,618
HuRI,operating_point,42,v3codeseg_huri_seed42,2000,CORUM,0.16381838586430392,0.09859696908005018,0.02440237556561086,0.04905099661701387,0.050103960824779505,911
HuRI,operating_point,42,v3codeseg_huri_seed42,2000,ComplexPortal,0.20027355922652856,0.12030055212139494,0.016978666433483877,0.045194501283155074,0.050397896206366845,618
