graph,mode,seed,tag,n_pred,gold,bestmatch_f1,sn,ppv,acc,mmr,n_gold
HuRI,pool,42,v3cpu_huri_seed42,6800,CORUM,0.22659347282538972,0.1333931761872805,0.02065564352574768,0.05249116017094421,0.08673998950408977,911
HuRI,pool,42,v3cpu_huri_seed42,6800,ComplexPortal,0.31054617373180915,0.17614204869068234,0.013180800903300998,0.048183952458172565,0.08438286322970528,618
HuRI,operating_point,42,v3cpu_huri_seed42,2000,CORUM,0.15896500653232964,0.09606181670955204,0.0227050773083126,0.04670215171453382,0.04720003693430235,911
HuRI,operating_point,42,v3cpu_huri_seed42,2000,ComplexPortal,0.19756057641645838,0.11873299548709071,0.01645123136854881,0.04419619870349701,0.04951563391633757,618
