graph,mode,seed,tag,n_pred,gold,bestmatch_f1,sn,ppv,acc,mmr,n_gold
HuRI,pool,42,v3dxcoh_huri_seed42,6800,CORUM,0.22659347282538972,0.1333931761872805,0.02065564352574768,0.05249116017094421,0.08607556469037847,911
HuRI,pool,42,v3dxcoh_huri_seed42,6800,ComplexPortal,0.31054617373180915,0.17614204869068234,0.013180800903300998,0.048183952458172565,0.08430008013721346,618
HuRI,operating_point,42,v3dxcoh_huri_seed42,2000,CORUM,0.1792004584041643,0.10247632223987617,0.026324757866652025,0.05193904475469055,0.05204086693807228,911
HuRI,operating_point,42,v3dxcoh_huri_seed42,2000,ComplexPortal,0.25610576607890545,0.14045648830053,0.018502167411883874,0.050977931113587914,0.053872876535718164,618
