graph,mode,seed,tag,n_pred,gold,bestmatch_f1,sn,ppv,acc,mmr,n_gold
HuRI,pool,42,v3hybrid11e100_huri_seed42,6782,CORUM,0.23143754875697956,0.13745161884483498,0.0204427485459194,0.05300838500911453,0.08997862627722338,896
HuRI,pool,42,v3hybrid11e100_huri_seed42,6782,ComplexPortal,0.31836101257137456,0.1805541869257308,0.01306196268165507,0.04856327883947365,0.08793462916383553,616
HuRI,operating_point,42,v3hybrid11e100_huri_seed42,2000,CORUM,0.15877535327214512,0.0964556066981689,0.023188649217712683,0.04729350091508871,0.04842632785487714,896
HuRI,operating_point,42,v3hybrid11e100_huri_seed42,2000,ComplexPortal,0.20667464085363207,0.12270158153824436,0.017027892015392013,0.045709400352127165,0.051912777278036976,616
