graph,mode,seed,tag,n_pred,gold,bestmatch_f1,sn,ppv,acc,mmr,n_gold
HuRI,pool,42,v3hyb02_huri_seed42,6818,CORUM,0.227348492899839,0.13402308354056877,0.02087049262067936,0.0528878792922739,0.0874562235079198,911
HuRI,pool,42,v3hyb02_huri_seed42,6818,ComplexPortal,0.31283814007289024,0.17726842892797878,0.013373711316142846,0.048690212506714056,0.08576643175959839,618
HuRI,operating_point,42,v3hyb02_huri_seed42,2000,CORUM,0.16119524366926274,0.09758639287737737,0.023546067690479455,0.04793512086519079,0.04842524178190019,911
HuRI,operating_point,42,v3hyb02_huri_seed42,2000,ComplexPortal,0.19756057641645838,0.11873299548709074,0.016562342479659924,0.04434519742760328,0.049823847816784485,618
