graph,mode,seed,tag,n_pred,gold,bestmatch_f1,sn,ppv,acc,mmr,n_gold
HuRI,pool,42,v3infl2dxcoh_huri_seed42,8000,CORUM,0.2745176613973182,0.16215751690254507,0.02842997680547359,0.06789797084134803,0.11170733768849174,911
HuRI,pool,42,v3infl2dxcoh_huri_seed42,8000,ComplexPortal,0.34433175899830903,0.1960693677515828,0.01913853761008344,0.06125749724645097,0.10930122889188845,618
HuRI,operating_point,42,v3infl2dxcoh_huri_seed42,2000,CORUM,0.20585401168263842,0.11837973161910378,0.0334643885313442,0.06294049041068826,0.06387001772558974,911
HuRI,operating_point,42,v3infl2dxcoh_huri_seed42,2000,ComplexPortal,0.2751277737820032,0.15440871310605217,0.02332135295131525,0.06000850020709249,0.06414719672062705,618
