graph,mode,seed,tag,n_pred,gold,bestmatch_f1,sn,ppv,acc,mmr,n_gold
HuRI,pool,42,v3infl2_huri_seed42,8000,CORUM,0.2729479102459602,0.1616299019262414,0.02819549917011325,0.06750730157269527,0.11123435185466436,911
HuRI,pool,42,v3infl2_huri_seed42,8000,ComplexPortal,0.34383145073751054,0.19586395602918077,0.01896763439899763,0.0609514225420773,0.1086703954937851,618
HuRI,operating_point,42,v3infl2_huri_seed42,2000,CORUM,0.16831457081404416,0.10060691265311818,0.02615744021513224,0.05129931094033301,0.05334261288484645,911
HuRI,operating_point,42,v3infl2_huri_seed42,2000,ComplexPortal,0.18697210274711615,0.1105226806116231,0.019137210788094407,0.04599017107741464,0.05504356107392875,618
