graph,mode,seed,tag,n_pred,gold,bestmatch_f1,sn,ppv,acc,mmr,n_gold
HuRI,pool,42,v3incl_huri_seed42,6667,CORUM,0.2154386894815559,0.12796741878921683,0.020351859655100408,0.051033076995450705,0.0839672877053266,911
HuRI,pool,42,v3incl_huri_seed42,6667,ComplexPortal,0.2954519043942591,0.16946203831264708,0.012898189230948737,0.04675204206897071,0.0811089662552864,618
HuRI,operating_point,42,v3incl_huri_seed42,2000,CORUM,0.16020646470174596,0.09674447835818514,0.023090898431633724,0.04726433035165356,0.04798843883000393,911
HuRI,operating_point,42,v3incl_huri_seed42,2000,ComplexPortal,0.19735510048282712,0.11855320404516337,0.016277752532569974,0.04392925810198076,0.04885040558120633,618
