graph,mode,seed,tag,n_pred,gold,bestmatch_f1,sn,ppv,acc,mmr,n_gold
HuRI,pool,42,v3lcc_huri_seed42,6793,CORUM,0.22909820122137262,0.1349535464268212,0.020491534449472392,0.05258712053044622,0.08738054004262923,896
HuRI,pool,42,v3lcc_huri_seed42,6793,ComplexPortal,0.3115524255718005,0.17692708536586926,0.013220657776937038,0.04836416490639617,0.08433923646767705,616
HuRI,operating_point,42,v3lcc_huri_seed42,2000,CORUM,0.16080104838793266,0.09723493892297262,0.022496336495984832,0.04676996798350118,0.047506194532934795,896
HuRI,operating_point,42,v3lcc_huri_seed42,2000,ComplexPortal,0.19796816782682863,0.1191557238883227,0.01631403800635545,0.04408980617091543,0.04917943020156472,616
