graph,mode,seed,tag,n_pred,gold,bestmatch_f1,sn,ppv,acc,mmr,n_gold
HuRI,pool,42,v3learned_huri_seed42,6800,CORUM,0.22659347282538972,0.1333931761872805,0.02065564352574768,0.05249116017094421,0.08673243922211578,911
HuRI,pool,42,v3learned_huri_seed42,6800,ComplexPortal,0.31054617373180915,0.17614204869068234,0.013180800903301,0.04818395245817257,0.08441882151809077,618
HuRI,operating_point,42,v3learned_huri_seed42,2000,CORUM,0.1719125612935178,0.10161926651977507,0.022474244643840655,0.04778929018402628,0.04692270817423349,911
HuRI,operating_point,42,v3learned_huri_seed42,2000,ComplexPortal,0.18596223608944223,0.10988445758681555,0.014811291545238017,0.04034266646626951,0.0450143030453863,618
