graph,mode,seed,tag,n_pred,gold,bestmatch_f1,sn,ppv,acc,mmr,n_gold
HuRI,pool,42,v3learn_huri_seed42,6800,CORUM,0.22659347282538972,0.1333931761872805,0.02065564352574768,0.05249116017094421,0.08673243922211578,911
HuRI,pool,42,v3learn_huri_seed42,6800,ComplexPortal,0.31054617373180915,0.17614204869068234,0.013180800903301,0.04818395245817257,0.08441882151809077,618
HuRI,operating_point,42,v3learn_huri_seed42,2000,CORUM,0.17334130695936556,0.10268646983725281,0.022958851995553267,0.0485547470690491,0.04798991149171123,911
HuRI,operating_point,42,v3learn_huri_seed42,2000,ComplexPortal,0.18734919864145333,0.11109804981982525,0.015227958211904681,0.04113145341560888,0.046227895278396,618
