graph,mode,seed,tag,n_pred,gold,bestmatch_f1,sn,ppv,acc,mmr,n_gold
HuRI,pool,42,v3min4_huri_seed42,4606,CORUM,0.15035726566375296,0.07581515278762323,0.017685378408400045,0.036617204510172294,0.048152516135653196,911
HuRI,pool,42,v3min4_huri_seed42,4606,ComplexPortal,0.21481704115029587,0.10320978586835024,0.010274101194284815,0.032563595996939546,0.04588982891136709,618
HuRI,operating_point,42,v3min4_huri_seed42,2000,CORUM,0.12073961264810908,0.06198881431930735,0.017375663756272273,0.03281915285716985,0.03213800871258761,911
HuRI,operating_point,42,v3min4_huri_seed42,2000,ComplexPortal,0.14932963089096504,0.07523039207694997,0.010806570350288655,0.028512848410135353,0.030047642895895104,618
