graph,mode,seed,tag,n_pred,gold,bestmatch_f1,sn,ppv,acc,mmr,n_gold
HuRI,pool,42,v3modmw1k8_huri_seed42,4073,CORUM,0.19888332156067734,0.11431946331188164,0.018892074310516014,0.04647291464957171,0.0636447199124952,911
HuRI,pool,42,v3modmw1k8_huri_seed42,4073,ComplexPortal,0.27672471195037396,0.15063069899883905,0.012744943173614522,0.04381529069790634,0.06174228553695335,618
HuRI,operating_point,42,v3modmw1k8_huri_seed42,2000,CORUM,0.1521801783121482,0.09038492627299316,0.020067033065974918,0.042588229643715635,0.0401345931570506,911
HuRI,operating_point,42,v3modmw1k8_huri_seed42,2000,ComplexPortal,0.18110632295081733,0.10513579938293634,0.014064754604572047,0.03845398832990561,0.042679898964320985,618
