graph,mode,seed,tag,n_pred,gold,bestmatch_f1,sn,ppv,acc,mmr,n_gold
HuRI,pool,42,v3mod1e100_huri_seed42,7059,CORUM,0.23189178340222702,0.137409380102773,0.020444242165192007,0.05300217582882808,0.09198019978245077,896
HuRI,pool,42,v3mod1e100_huri_seed42,7059,ComplexPortal,0.31383945248376216,0.18014882066468338,0.013785160264073405,0.04983352650823017,0.09149048834116942,616
HuRI,operating_point,42,v3mod1e100_huri_seed42,2000,CORUM,0.1730532149389783,0.10507818681574618,0.02406073638637577,0.050281791465022554,0.05065771388225792,896
HuRI,operating_point,42,v3mod1e100_huri_seed42,2000,ComplexPortal,0.22759289937967245,0.1381471842655079,0.017248134309017928,0.04881373975249313,0.05173481907940872,616
