graph,mode,seed,tag,n_pred,gold,bestmatch_f1,sn,ppv,acc,mmr,n_gold
HuRI,pool,42,v3plainlg_huri_seed42,6866,CORUM,0.25316615279568083,0.14191353298298043,0.02180441377906823,0.05562680463598779,0.09411236064393694,896
HuRI,pool,42,v3plainlg_huri_seed42,6866,ComplexPortal,0.3339319525676537,0.18484006498246938,0.014359532901978831,0.051519093496680185,0.09028377634126429,616
HuRI,operating_point,42,v3plainlg_huri_seed42,2000,CORUM,0.1650500917552796,0.09948701162705424,0.023811607999843293,0.04867181650544047,0.0501459790429275,896
HuRI,operating_point,42,v3plainlg_huri_seed42,2000,ComplexPortal,0.20002585040399176,0.12043123409240432,0.016845802075619518,0.04504176654221329,0.04992927559426725,616
