graph,mode,seed,tag,n_pred,gold,bestmatch_f1,sn,ppv,acc,mmr,n_gold
HuRI,pool,42,v3pmin0p1_huri_seed42,3250,CORUM,0.21243416458083494,0.124058118294049,0.02338454209596709,0.05386132461788935,0.06446377702620369,896
HuRI,pool,42,v3pmin0p1_huri_seed42,3250,ComplexPortal,0.3022683536331305,0.16884086203674636,0.016961279907769414,0.05351408338815432,0.06906767535334031,616
HuRI,operating_point,42,v3pmin0p1_huri_seed42,2000,CORUM,0.1801812822592548,0.10887583921598103,0.024749610387593293,0.05190986997881791,0.049592239541961285,896
HuRI,operating_point,42,v3pmin0p1_huri_seed42,2000,ComplexPortal,0.22608867300411076,0.13101142543965985,0.018049950837366803,0.04862869305584108,0.053686410107818404,616
