graph,mode,seed,tag,n_pred,gold,bestmatch_f1,sn,ppv,acc,mmr,n_gold
HuRI,pool,42,v3pool4000_huri_seed42,4000,CORUM,0.20333812739914997,0.12336873002955948,0.02345169281054032,0.05378852627726204,0.0744671596384312,896
HuRI,pool,42,v3pool4000_huri_seed42,4000,ComplexPortal,0.25481129733431945,0.15441939585021947,0.016445516586772294,0.050393518787381186,0.07297825758055682,616
HuRI,operating_point,42,v3pool4000_huri_seed42,2000,CORUM,0.16080104838793266,0.09723493892297262,0.022496336495984832,0.04676996798350118,0.047506194532934795,896
HuRI,operating_point,42,v3pool4000_huri_seed42,2000,ComplexPortal,0.19796816782682863,0.1191557238883227,0.01631403800635545,0.04408980617091543,0.04917943020156472,616
