graph,mode,seed,tag,n_pred,gold,bestmatch_f1,sn,ppv,acc,mmr,n_gold
BioGRID,pool,42,v3_biogrid_seed42,8000,CORUM,0.2420444834689358,0.18622200475456663,0.09856906992999076,0.1354833193022519,0.14794462192944177,2489
BioGRID,pool,42,v3_biogrid_seed42,8000,ComplexPortal,0.35056468055404244,0.25249648411848824,0.07557859620183513,0.13814242583498487,0.19369661550714043,1154
BioGRID,operating_point,42,v3_biogrid_seed42,2000,CORUM,0.20028647616850365,0.1585775629869429,0.12844847518031788,0.14272016733273413,0.08457011120404358,2489
BioGRID,operating_point,42,v3_biogrid_seed42,2000,ComplexPortal,0.29553861629656447,0.2169813070102172,0.101967919057847,0.14874519269638153,0.12815226124647824,1154
