graph,mode,seed,tag,n_pred,gold,bestmatch_f1,sn,ppv,acc,mmr,n_gold
BioGRID,pool,42,v3_paperbench_wdn2_biogrid_seed42,8000,CORUM,0.2816732358921893,0.20102447169644402,0.0662880129041425,0.1154361848549332,0.16001372014270931,1420
BioGRID,pool,42,v3_paperbench_wdn2_biogrid_seed42,8000,ComplexPortal,0.34593206170715346,0.24995266635714092,0.074891530547109,0.13681863085054302,0.19123969018185902,1154
BioGRID,operating_point,42,v3_paperbench_wdn2_biogrid_seed42,2000,CORUM,0.2527872721930959,0.1792131026487057,0.08746815188037119,0.1252015929668211,0.09598146039132016,1420
BioGRID,operating_point,42,v3_paperbench_wdn2_biogrid_seed42,2000,ComplexPortal,0.29382792543659486,0.2140372777113101,0.10099123072642777,0.14702342703596394,0.1251302408210815,1154
