graph,mode,seed,tag,n_pred,gold,bestmatch_f1,sn,ppv,acc,mmr,n_gold
BioGRID,pool,42,v3_paperbench_biogrid_seed42,8000,CORUM,0.2821080366015146,0.2015699278961747,0.06653769435259513,0.11581018199204382,0.16088206519147238,1420
BioGRID,pool,42,v3_paperbench_biogrid_seed42,8000,ComplexPortal,0.34772595406892626,0.2521284883621061,0.07507238698228418,0.13757865912843592,0.19244334338086497,1154
BioGRID,operating_point,42,v3_paperbench_biogrid_seed42,2000,CORUM,0.24586315025907238,0.17857607863162864,0.08539413564835772,0.1234882580742845,0.0952756466974945,1420
BioGRID,operating_point,42,v3_paperbench_biogrid_seed42,2000,ComplexPortal,0.29224465896705953,0.21569896550390502,0.09969194544560728,0.14664054521751216,0.12607621894505106,1154
