graph,mode,seed,tag,n_pred,gold,bestmatch_f1,sn,ppv,acc,mmr,n_gold
BioGRID,pool,42,v3_paperbench_ref_dgi_largeK_auto_biogrid_seed42,8000,CORUM,0.2953814162466331,0.21281055491457765,0.08734381628536837,0.13633666422516788,0.17672215543036618,1420
BioGRID,pool,42,v3_paperbench_ref_dgi_largeK_auto_biogrid_seed42,8000,ComplexPortal,0.3653509645292805,0.26721013471489014,0.10181885248358989,0.1649455343095277,0.2132387198593786,1154
BioGRID,operating_point,42,v3_paperbench_ref_dgi_largeK_auto_biogrid_seed42,2000,CORUM,0.2535235916783962,0.183818889045974,0.09963728145689907,0.1353337148864547,0.10425032472356453,1420
BioGRID,operating_point,42,v3_paperbench_ref_dgi_largeK_auto_biogrid_seed42,2000,ComplexPortal,0.30370623435999317,0.22004185621164862,0.11640470609138417,0.16004345534922562,0.13367473232799867,1154
