graph,mode,seed,tag,n_pred,gold,bestmatch_f1,sn,ppv,acc,mmr,n_gold
BioGRID,pool,44,v3_paperbench_biogrid_seed44,8000,CORUM,0.2784039503540261,0.19880091155041466,0.06588711323012396,0.11444832095567864,0.15450950390089627,1420
BioGRID,pool,44,v3_paperbench_biogrid_seed44,8000,ComplexPortal,0.3466642632432116,0.25020188938307125,0.07278378150214893,0.13494680303098067,0.18868178683155473,1154
BioGRID,operating_point,44,v3_paperbench_biogrid_seed44,2000,CORUM,0.23956694724225286,0.1723936415230346,0.0830247277585727,0.11963667980497839,0.09108108667644882,1420
BioGRID,operating_point,44,v3_paperbench_biogrid_seed44,2000,ComplexPortal,0.2946781402267546,0.20889245758414998,0.09600057146555954,0.14161142363144139,0.11964162566139365,1154
