graph,mode,seed,tag,n_pred,gold,bestmatch_f1,sn,ppv,acc,mmr,n_gold
BioGRID,pool,43,v3_paperbench_biogrid_seed43,8000,CORUM,0.2828796297871298,0.20336672932760985,0.06717129313986146,0.11687774035529495,0.15799211457564624,1420
BioGRID,pool,43,v3_paperbench_biogrid_seed43,8000,ComplexPortal,0.35950067723141377,0.2604104998608657,0.07332453335227741,0.13818277165526563,0.1900373648988927,1154
BioGRID,operating_point,43,v3_paperbench_biogrid_seed43,2000,CORUM,0.24456933975357853,0.17960487157425514,0.08286241944367191,0.12199382854272899,0.09071822782151938,1420
BioGRID,operating_point,43,v3_paperbench_biogrid_seed43,2000,ComplexPortal,0.300886933130543,0.2249480025673043,0.09513236053735415,0.14628682265464124,0.12211245274893169,1154
