graph,mode,seed,tag,n_pred,gold,bestmatch_f1,sn,ppv,acc,mmr,n_gold
BioGRID,pool,42,v3_paperbench_dnxcoh_biogrid_seed42,8000,CORUM,0.2831082285137639,0.20019259861247438,0.06525784185514837,0.1142984555487258,0.15853553719087093,1420
BioGRID,pool,42,v3_paperbench_dnxcoh_biogrid_seed42,8000,ComplexPortal,0.3491571757578789,0.25145145444973693,0.07484476200672001,0.13718536461494046,0.1919094175312455,1154
BioGRID,operating_point,42,v3_paperbench_dnxcoh_biogrid_seed42,2000,CORUM,0.2490334493337445,0.16643138815862035,0.07982730077952971,0.11526390797510228,0.0879890515281991,1420
BioGRID,operating_point,42,v3_paperbench_dnxcoh_biogrid_seed42,2000,ComplexPortal,0.3105718653215186,0.21614042028037792,0.09850484160851754,0.1459139399266466,0.1226121226481449,1154
