graph,mode,seed,tag,n_pred,gold,bestmatch_f1,sn,ppv,acc,mmr,n_gold
BioGRID,pool,42,v3_ref_dgi_largeK_auto_biogrid_seed42,8000,CORUM,0.25036639468984356,0.19458668952456112,0.12526918224917402,0.1561272412915686,0.1598938800091049,2492
BioGRID,pool,42,v3_ref_dgi_largeK_auto_biogrid_seed42,8000,ComplexPortal,0.36406231351472335,0.266276985337393,0.1017465988174612,0.16459883839640768,0.21251452591690417,1156
BioGRID,operating_point,42,v3_ref_dgi_largeK_auto_biogrid_seed42,2000,CORUM,0.19807749035564043,0.16047518642774944,0.14552254795137762,0.15281609212363215,0.09182736554623398,2492
BioGRID,operating_point,42,v3_ref_dgi_largeK_auto_biogrid_seed42,2000,ComplexPortal,0.30306217629101484,0.21920766414622256,0.11614497792367535,0.1595614906954791,0.1333052363076593,1156
