graph,mode,seed,tag,n_pred,gold,bestmatch_f1,sn,ppv,acc,mmr,n_gold
BioGRID,pool,42,v3_updated_graphs_biogrid_seed42,8000,CORUM,0.2391811059598693,0.1849114356847103,0.09789938271068718,0.13454633183286743,0.14740850696845326,2492
BioGRID,pool,42,v3_updated_graphs_biogrid_seed42,8000,ComplexPortal,0.3468994545660123,0.2515695814714254,0.07503938911742701,0.13739587953844373,0.1918000488753907,1156
BioGRID,operating_point,42,v3_updated_graphs_biogrid_seed42,2000,CORUM,0.19750343777758553,0.15737117928614905,0.12626716414799136,0.14096386958042534,0.08316103757310518,2492
BioGRID,operating_point,42,v3_updated_graphs_biogrid_seed42,2000,ComplexPortal,0.29161905762987594,0.21503333242774336,0.09944172219619145,0.14623024620850825,0.12537510411202746,1156
