graph,mode,seed,tag,n_pred,gold,bestmatch_f1,sn,ppv,acc,mmr,n_gold
BioGRID,pool,42,v3auto_biogrid_seed42,8000,CORUM,0.2420444834689358,0.14317384266327107,0.07365368360968075,0.10269021817438494,0.11202223599620362,2489
BioGRID,pool,42,v3auto_biogrid_seed42,8000,ComplexPortal,0.35056468055404244,0.22623992230571072,0.06492755198743884,0.12119902770706602,0.17092448378828384,1154
BioGRID,operating_point,42,v3auto_biogrid_seed42,2000,CORUM,0.20028647616850365,0.11850622143605467,0.10192696870245833,0.10990441266554925,0.06688840904862772,2489
BioGRID,operating_point,42,v3auto_biogrid_seed42,2000,ComplexPortal,0.29553861629656447,0.18993633983398667,0.09074549495064335,0.13128544156664407,0.11476116126171165,1154
