graph,mode,seed,tag,n_pred,gold,bestmatch_f1,sn,ppv,acc,mmr,n_gold
BioGRID,pool,42,v3hyb02_biogrid_seed42,8000,CORUM,0.2581184561403418,0.1747145247714133,0.22552457446596533,0.19850042531968626,0.14625872356833836,2489
BioGRID,pool,42,v3hyb02_biogrid_seed42,8000,ComplexPortal,0.39640301018461616,0.2802337479995863,0.18058308881238397,0.22495660871207254,0.20841623736712458,1154
BioGRID,operating_point,42,v3hyb02_biogrid_seed42,2000,CORUM,0.19544799095243123,0.12213158475337295,0.1667824886573734,0.1427214407467794,0.0730649231686791,2489
BioGRID,operating_point,42,v3hyb02_biogrid_seed42,2000,ComplexPortal,0.282395054079989,0.1833903746157526,0.1474687371267409,0.16445165534522588,0.10919312425083959,1154
