graph,mode,seed,tag,n_pred,gold,bestmatch_f1,sn,ppv,acc,mmr,n_gold
BioGRID,pool,42,v3learned_biogrid_seed42,8000,CORUM,0.2423918366624646,0.1422652999780961,0.0736886841876553,0.10238819639464292,0.11138062708757675,2489
BioGRID,pool,42,v3learned_biogrid_seed42,8000,ComplexPortal,0.34901301813910857,0.22437246230510793,0.06478913881785596,0.1205690615671773,0.16935020705008727,1154
BioGRID,operating_point,42,v3learned_biogrid_seed42,2000,CORUM,0.21336822253641632,0.12312810261291292,0.10863761697905949,0.11565614402624691,0.06906150083632781,2489
BioGRID,operating_point,42,v3learned_biogrid_seed42,2000,ComplexPortal,0.30335219985056544,0.19123230510192402,0.09467819266755682,0.13455678736764257,0.11522424374188166,1154
