{
  "coef": [
    -0.03104253299534321,
    0.05881388857960701,
    0.050051458179950714,
    -0.0009296142379753292,
    0.01976913958787918,
    -0.0019074284937232733,
    0.0010543704265728593,
    -0.0008844873518683016
  ],
  "feature_names": [
    "n",
    "log_n",
    "weighted_density",
    "cohesiveness",
    "avg_internal_degree",
    "avg_degree",
    "cut_fraction",
    "internal_edges"
  ],
  "intercept": 0.0677775889635086,
  "mean": [
    8.215078353881836,
    1.656203031539917,
    0.6509899497032166,
    0.1538248360157013,
    3.5643742084503174,
    38.88456726074219,
    0.8461751341819763,
    70.56131744384766
  ],
  "meta": {
    "Ks": [
      6,
      8,
      16
    ],
    "alpha": 1.0,
    "global_dedup_jaccard": 0.85,
    "graph": "STRING",
    "linkcomm_jaccard_threshold": 0.2,
    "linkcomm_method": "jaccard_linegraph",
    "linkcomm_resolution": 5.0,
    "linkcomm_split_components": false,
    "mcl_inflation": 4.0,
    "membership_power": 1.5,
    "min_cluster_size": 3,
    "n_train": 18291,
    "pmin": 0.0,
    "seed": 42,
    "topk": 4
  },
  "scale": [
    17.875709533691406,
    0.7144196629524231,
    0.21554051339626312,
    0.14474570751190186,
    6.312563419342041,
    42.828277587890625,
    0.14474570751190186,
    621.2801513671875
  ]
}