graph,mode,seed,tag,n_pred,gold,bestmatch_f1,sn,ppv,acc,mmr,n_gold
hu.MAP2,pool,44,v3_paperbench_hu.map2_seed44,2798,CORUM,0.509911803005808,0.3749968567663798,0.12926219328573466,0.22016565622475895,0.23235195766346348,919
hu.MAP2,pool,44,v3_paperbench_hu.map2_seed44,2798,ComplexPortal,0.5809556107752617,0.43778728359111463,0.14117767838155718,0.24860770768896515,0.30463683800654023,731
hu.MAP2,operating_point,44,v3_paperbench_hu.map2_seed44,1895,CORUM,0.4830839914652852,0.3500268740258673,0.10947640560562595,0.19575414180477815,0.17966503997921618,919
hu.MAP2,operating_point,44,v3_paperbench_hu.map2_seed44,1895,ComplexPortal,0.53774830864191,0.3958663357128441,0.11465729608395521,0.21304685790571515,0.23372150239612008,731
