graph,mode,seed,tag,n_pred,gold,bestmatch_f1,sn,ppv,acc,mmr,n_gold
hu.MAP2,pool,42,v3_paperbench_ref_dgi_largeK_auto_hu.map2_seed42,3222,CORUM,0.5217428417958307,0.38537422317591713,0.1401749732151315,0.2324216457464457,0.2590528863928039,919
hu.MAP2,pool,42,v3_paperbench_ref_dgi_largeK_auto_hu.map2_seed42,3222,ComplexPortal,0.6021234207481586,0.46281070708564254,0.15594975936754388,0.26865445911566177,0.3380496615631418,731
hu.MAP2,operating_point,42,v3_paperbench_ref_dgi_largeK_auto_hu.map2_seed42,2000,CORUM,0.4905128455042794,0.35749360470400676,0.11612752631577383,0.20375192756876043,0.19283169954258306,919
hu.MAP2,operating_point,42,v3_paperbench_ref_dgi_largeK_auto_hu.map2_seed42,2000,ComplexPortal,0.5399009646208568,0.3960026765616287,0.12236856052225965,0.22013240900378225,0.2483165096673251,731
