graph,mode,seed,tag,n_pred,gold,bestmatch_f1,sn,ppv,acc,mmr,n_gold
hu.MAP2,pool,42,v3_paperbench_dnxcoh_hu.map2_seed42,2787,CORUM,0.5023519986048327,0.3648512634462213,0.13052243645226902,0.21822299568947698,0.23232982506111843,919
hu.MAP2,pool,42,v3_paperbench_dnxcoh_hu.map2_seed42,2787,ComplexPortal,0.5832644039348875,0.44183913592306134,0.1437767062178594,0.25204399544754647,0.3074324089178661,731
hu.MAP2,operating_point,42,v3_paperbench_dnxcoh_hu.map2_seed42,1826,CORUM,0.47600159188643176,0.33794691851849046,0.11090140322904672,0.19359438907321902,0.17642507518851333,919
hu.MAP2,operating_point,42,v3_paperbench_dnxcoh_hu.map2_seed42,1826,ComplexPortal,0.5494312703659991,0.4026391554897206,0.114175407239019,0.21440963026042825,0.22997341918979536,731
