graph,mode,seed,tag,n_pred,gold,bestmatch_f1,sn,ppv,acc,mmr,n_gold
hu.MAP2,pool,42,v3_paperbench_wdn2_hu.map2_seed42,2788,CORUM,0.5023519986048327,0.3648512634462213,0.13047607477337458,0.21818423575173657,0.23258040720778322,919
hu.MAP2,pool,42,v3_paperbench_wdn2_hu.map2_seed42,2788,ComplexPortal,0.5832655962900309,0.44183913592306134,0.14372524484475985,0.2519988849033644,0.3074335228376823,731
hu.MAP2,operating_point,42,v3_paperbench_wdn2_hu.map2_seed42,1875,CORUM,0.4807010112986349,0.34624781237624835,0.11206039095703044,0.19697884460748294,0.18005794260158464,919
hu.MAP2,operating_point,42,v3_paperbench_wdn2_hu.map2_seed42,1875,ComplexPortal,0.5383305061616006,0.3949209368070679,0.11407952806382285,0.2122554924930639,0.23139712656512765,731
