graph,mode,seed,tag,n_pred,gold,bestmatch_f1,sn,ppv,acc,mmr,n_gold
hu.MAP2,pool,42,v3_paperbench_hu.map2_seed42,2788,CORUM,0.5023519986048327,0.3648512634462213,0.13047607477337458,0.21818423575173657,0.23258040720778322,919
hu.MAP2,pool,42,v3_paperbench_hu.map2_seed42,2788,ComplexPortal,0.5832655962900309,0.44183913592306134,0.14372524484475982,0.2519988849033644,0.3074335228376823,731
hu.MAP2,operating_point,42,v3_paperbench_hu.map2_seed42,1885,CORUM,0.4758344218189816,0.3409771176920451,0.11156568489957906,0.1950419074722081,0.17956047743331743,919
hu.MAP2,operating_point,42,v3_paperbench_hu.map2_seed42,1885,ComplexPortal,0.5319894749004422,0.38834188732218466,0.1146340575674877,0.21099100992022893,0.23333001771631146,731
