graph,mode,seed,tag,n_pred,gold,bestmatch_f1,sn,ppv,acc,mmr,n_gold
hu.MAP2,pool,43,v3_paperbench_hu.map2_seed43,2769,CORUM,0.5105243324990876,0.3752801412079943,0.1339753042858191,0.22422816752309732,0.23799365636118966,919
hu.MAP2,pool,43,v3_paperbench_hu.map2_seed43,2769,ComplexPortal,0.5833966182280266,0.442194826576394,0.14701189603208026,0.254966468129777,0.31060007228133324,731
hu.MAP2,operating_point,43,v3_paperbench_hu.map2_seed43,1894,CORUM,0.4775622582975318,0.3438024111380916,0.11111454727808671,0.19545191036857043,0.17763485619616276,919
hu.MAP2,operating_point,43,v3_paperbench_hu.map2_seed43,1894,ComplexPortal,0.5358914075893685,0.39348352069006853,0.11585092786962688,0.2135074494563409,0.23297026917265698,731
