graph,mode,seed,tag,n_pred,gold,bestmatch_f1,sn,ppv,acc,mmr,n_gold
hu.MAP2,pool,42,v3_ref_dgi_largeK_auto_hu.map2_seed42,3222,CORUM,0.4831706494693132,0.35680256167097857,0.19095646395598792,0.26102443469362857,0.2517300204017611,1342
hu.MAP2,pool,42,v3_ref_dgi_largeK_auto_hu.map2_seed42,3222,ComplexPortal,0.6030779089965419,0.46358378088606467,0.15582007098171327,0.2687669206647976,0.33800908014651887,729
hu.MAP2,operating_point,42,v3_ref_dgi_largeK_auto_hu.map2_seed42,2000,CORUM,0.44603544878754736,0.3238050611851853,0.15504829698228875,0.22406566736340663,0.18467612300051314,1342
hu.MAP2,operating_point,42,v3_ref_dgi_largeK_auto_hu.map2_seed42,2000,ComplexPortal,0.540683635820058,0.3965632971168134,0.12217038522085855,0.22010972439493642,0.24856014775461777,729
