graph,mode,seed,tag,n_pred,gold,bestmatch_f1,sn,ppv,acc,mmr,n_gold
hu.MAP2,pool,42,v3_updated_graphs_hu.map2_seed42,2788,CORUM,0.4663838115111169,0.3397002894454606,0.1779242289987239,0.24584733492602054,0.22641646991307446,1342
hu.MAP2,pool,42,v3_updated_graphs_hu.map2_seed42,2788,ComplexPortal,0.5841672376721379,0.4425532200433007,0.14357536823817937,0.2520709057640507,0.30794005165940463,729
hu.MAP2,operating_point,42,v3_updated_graphs_hu.map2_seed42,1885,CORUM,0.43427882146474295,0.3108283765522156,0.14670327260086713,0.2135404880986851,0.17008897878846166,1342
hu.MAP2,operating_point,42,v3_updated_graphs_hu.map2_seed42,1885,ComplexPortal,0.5327504410523994,0.3888814906229402,0.11442379199570933,0.21094381904673268,0.2335735543029141,729
