graph,mode,seed,tag,n_pred,gold,bestmatch_f1,sn,ppv,acc,mmr,n_gold
hu.MAP2,pool,42,v3auto_hu.map2_seed42,2788,CORUM,0.4663838115111169,0.32106195241073754,0.15904362035545247,0.22597091686717938,0.205132011081813,1342
hu.MAP2,pool,42,v3auto_hu.map2_seed42,2788,ComplexPortal,0.5841672376721379,0.4331965881022503,0.13510131556448884,0.241920294623378,0.29820366703513634,729
hu.MAP2,operating_point,42,v3auto_hu.map2_seed42,1885,CORUM,0.43427882146474295,0.29039677965270266,0.12643592669179707,0.19161572467755109,0.15025965746945083,1342
hu.MAP2,operating_point,42,v3auto_hu.map2_seed42,1885,ComplexPortal,0.5327504410523994,0.3765695728310176,0.10530480941371276,0.19913459543226922,0.2224631700481579,729
