graph,mode,seed,tag,n_pred,gold,bestmatch_f1,sn,ppv,acc,mmr,n_gold
hu.MAP2,pool,42,v3learned_hu.map2_seed42,2788,CORUM,0.4663838115111169,0.32106195241073754,0.15904362035545247,0.22597091686717938,0.205132011081813,1342
hu.MAP2,pool,42,v3learned_hu.map2_seed42,2788,ComplexPortal,0.5841672376721379,0.4331965881022503,0.13510131556448882,0.24192029462337797,0.29820366703513634,729
hu.MAP2,operating_point,42,v3learned_hu.map2_seed42,1868,CORUM,0.4370311900884339,0.29355137132648407,0.12671789754101637,0.19286838153200295,0.1489179559268321,1342
hu.MAP2,operating_point,42,v3learned_hu.map2_seed42,1868,ComplexPortal,0.5404973957314505,0.38583473873474733,0.10648199137860347,0.2026929977170378,0.22435172440971507,729
