graph,mode,seed,tag,n_pred,gold,bestmatch_f1,sn,ppv,acc,mmr,n_gold
ComPPI,pool,42,v3_comppi_seed42,8000,CORUM,0.3015837426698389,0.2587904845217913,0.24656367676620555,0.2526031143430355,0.21332044636374503,2585
ComPPI,pool,42,v3_comppi_seed42,8000,ComplexPortal,0.3210822771339296,0.2578334704980875,0.14828056443588505,0.19552926260772205,0.2061894875922859,1200
ComPPI,operating_point,42,v3_comppi_seed42,2000,CORUM,0.21882764279843966,0.19077616329984612,0.20766204530974744,0.19904011723065385,0.11162737457903261,2585
ComPPI,operating_point,42,v3_comppi_seed42,2000,ComplexPortal,0.27116722367572665,0.20837568518554975,0.14842941802536488,0.17586665881493227,0.12428204920553214,1200
