graph,mode,seed,tag,n_pred,gold,bestmatch_f1,sn,ppv,acc,mmr,n_gold
ComPPI,pool,43,v3_paperbench_comppi_seed43,8000,CORUM,0.39646647202078633,0.3216016869048839,0.20997421668271005,0.25986162142896585,0.262404397586288,1377
ComPPI,pool,43,v3_paperbench_comppi_seed43,8000,ComplexPortal,0.3193509944231835,0.2569294740775426,0.1476649273751525,0.19478057431426896,0.20413594470036694,1196
ComPPI,operating_point,43,v3_paperbench_comppi_seed43,2000,CORUM,0.2941599429459401,0.23036851625661262,0.16499279857684257,0.19495934499575385,0.1443285651605109,1377
ComPPI,operating_point,43,v3_paperbench_comppi_seed43,2000,ComplexPortal,0.2713498029783695,0.20760647237883734,0.14749245773976397,0.1749868248007179,0.12266450071495748,1196
