graph,mode,seed,tag,n_pred,gold,bestmatch_f1,sn,ppv,acc,mmr,n_gold
ComPPI,pool,42,v3_paperbench_ref_dgi_largeK_auto_comppi_seed42,8000,CORUM,0.2287348772192724,0.19109642318627157,0.11007514895194807,0.14503436574278988,0.16718988963190065,1359
ComPPI,pool,42,v3_paperbench_ref_dgi_largeK_auto_comppi_seed42,8000,ComplexPortal,0.22393671567390647,0.19061434017532747,0.09010746838281272,0.13105638340294237,0.15771253374976094,1142
ComPPI,operating_point,42,v3_paperbench_ref_dgi_largeK_auto_comppi_seed42,2000,CORUM,0.18445955649937695,0.1486970834646332,0.10002324331095876,0.12195558436993752,0.0840796657285664,1359
ComPPI,operating_point,42,v3_paperbench_ref_dgi_largeK_auto_comppi_seed42,2000,ComplexPortal,0.1737368968995137,0.1424854580611783,0.10200380938018631,0.1205572872269485,0.08748877029511885,1142
