graph,mode,seed,tag,n_pred,gold,bestmatch_f1,sn,ppv,acc,mmr,n_gold
ComPPI,pool,42,v3_paperbench_comppi_seed42,8000,CORUM,0.4077031954993826,0.3293660874361689,0.2105803253401291,0.26335910435812515,0.2661555899216607,1377
ComPPI,pool,42,v3_paperbench_comppi_seed42,8000,ComplexPortal,0.3222451413390695,0.2583902841540816,0.1481837315086838,0.19567635649597767,0.20654139377701175,1196
ComPPI,operating_point,42,v3_paperbench_comppi_seed42,2000,CORUM,0.3040267251295989,0.2365339546689673,0.16688106557785112,0.1986782283001849,0.1476797683922623,1377
ComPPI,operating_point,42,v3_paperbench_comppi_seed42,2000,ComplexPortal,0.2723668190227008,0.2089192611683689,0.14839121753482215,0.1760732334321425,0.12444622072439315,1196
