graph,mode,seed,tag,n_pred,gold,bestmatch_f1,sn,ppv,acc,mmr,n_gold
ComPPI,pool,42,v3_paperbench_wdn2_comppi_seed42,8000,CORUM,0.4288481984713454,0.3398844643026969,0.23692595869564323,0.283773593822032,0.2837319330074696,1377
ComPPI,pool,42,v3_paperbench_wdn2_comppi_seed42,8000,ComplexPortal,0.376729617646764,0.2836848452848705,0.1814908659111728,0.22690572539411213,0.22938112190354312,1196
ComPPI,operating_point,42,v3_paperbench_wdn2_comppi_seed42,2000,CORUM,0.31440702637976503,0.23535532408397525,0.19250195309454884,0.21285290591712802,0.14568664877413767,1377
ComPPI,operating_point,42,v3_paperbench_wdn2_comppi_seed42,2000,ComplexPortal,0.30573279497365574,0.21164761336250618,0.18139422784595674,0.195937886589938,0.13012319762704377,1196
