graph,mode,seed,tag,n_pred,gold,bestmatch_f1,sn,ppv,acc,mmr,n_gold
ComPPI,pool,44,v3_paperbench_comppi_seed44,8000,CORUM,0.3955078517516445,0.3211143030728099,0.20993964189675693,0.25964325871285854,0.26189146992420415,1377
ComPPI,pool,44,v3_paperbench_comppi_seed44,8000,ComplexPortal,0.31945728245092025,0.25583965295095684,0.1476157496500209,0.1943346653599318,0.20396695954017333,1196
ComPPI,operating_point,44,v3_paperbench_comppi_seed44,2000,CORUM,0.2916153664882733,0.22802199273606255,0.16494797897705094,0.19393753340736625,0.143752263423324,1377
ComPPI,operating_point,44,v3_paperbench_comppi_seed44,2000,ComplexPortal,0.2694363797647883,0.20558889365905933,0.14652106169172777,0.1735600846132344,0.12215047494680792,1196
