graph,mode,seed,tag,n_pred,gold,bestmatch_f1,sn,ppv,acc,mmr,n_gold
ComPPI,pool,42,v3_paperbench_dnxcoh_comppi_seed42,8000,CORUM,0.36324466910121755,0.2788841921411538,0.11689153310483764,0.18055248759871345,0.22593783784753074,1377
ComPPI,pool,42,v3_paperbench_dnxcoh_comppi_seed42,8000,ComplexPortal,0.4000890929786128,0.3122655862985099,0.1366019838672466,0.20653352895315896,0.24654968869781296,1196
ComPPI,operating_point,42,v3_paperbench_dnxcoh_comppi_seed42,2000,CORUM,0.2471585935041075,0.17839608113371638,0.11678239916223,0.14433822208942174,0.10299136347541085,1377
ComPPI,operating_point,42,v3_paperbench_dnxcoh_comppi_seed42,2000,ComplexPortal,0.2978327411714986,0.22043063836997068,0.1445666905077603,0.1785131028122574,0.13770246121021185,1196
