graph,mode,seed,tag,n_pred,gold,bestmatch_f1,sn,ppv,acc,mmr,n_gold
ComPPI,pool,42,v3_ref_dgi_largeK_comppi_seed42,8000,CORUM,0.18489957864281845,0.17783713358804681,0.14122775727137626,0.15847882993071974,0.1476925518207028,2508
ComPPI,pool,42,v3_ref_dgi_largeK_comppi_seed42,8000,ComplexPortal,0.22369237091354205,0.19054414341047696,0.09029039539567116,0.13116518611606295,0.15775416856796964,1146
ComPPI,operating_point,42,v3_ref_dgi_largeK_comppi_seed42,2000,CORUM,0.13752262482030025,0.12830545684073508,0.13286783637813845,0.1305667202848302,0.06925052782979678,2508
ComPPI,operating_point,42,v3_ref_dgi_largeK_comppi_seed42,2000,ComplexPortal,0.1730619477442403,0.14222184629778112,0.10217479397203982,0.12054662103849656,0.08728006013393604,1146
