graph,mode,seed,tag,n_pred,gold,bestmatch_f1,sn,ppv,acc,mmr,n_gold
ComPPI,pool,42,v3_updated_graphs_comppi_seed42,8000,CORUM,0.18089508978011412,0.17532001564853808,0.14150904993591495,0.15750990079729707,0.14634582258020243,2508
ComPPI,pool,42,v3_updated_graphs_comppi_seed42,8000,ComplexPortal,0.21760841925602986,0.18723603759860005,0.08902344695011484,0.12910614803450948,0.15486314671843368,1146
ComPPI,operating_point,42,v3_updated_graphs_comppi_seed42,2000,CORUM,0.13815166903230164,0.1302476605516101,0.13328530819660042,0.1317577306214233,0.07017651343559025,2508
ComPPI,operating_point,42,v3_updated_graphs_comppi_seed42,2000,ComplexPortal,0.1757360294407201,0.14408174980678787,0.1015542359521074,0.12096326721890013,0.08666693187733818,1146
