graph,mode,seed,tag,n_pred,gold,bestmatch_f1,sn,ppv,acc,mmr,n_gold
ComPPI,pool,42,v3auto_comppi_seed42,8000,CORUM,0.3015837426698389,0.21252646735835443,0.21330535348444926,0.21291555425725725,0.17081744871664917,2585
ComPPI,pool,42,v3auto_comppi_seed42,8000,ComplexPortal,0.3210822771339296,0.22667138528391897,0.13014294727072367,0.17175471505256257,0.17783357521762266,1200
ComPPI,operating_point,42,v3auto_comppi_seed42,2000,CORUM,0.2193250177638997,0.14356506595818783,0.18025628074319072,0.16086797330194036,0.08875773123991146,2585
ComPPI,operating_point,42,v3auto_comppi_seed42,2000,ComplexPortal,0.2714450014535044,0.17983759788704576,0.13277382964240617,0.1545241941740974,0.1070950478603806,1200
