graph,mode,seed,tag,n_pred,gold,bestmatch_f1,sn,ppv,acc,mmr,n_gold
ComPPI,pool,42,v3learned_comppi_seed42,8000,CORUM,0.327390550556578,0.2294567283872875,0.2380354210208679,0.23370671566674953,0.19230365935916433,2585
ComPPI,pool,42,v3learned_comppi_seed42,8000,ComplexPortal,0.39274173985800487,0.2758230204818587,0.1706984573180957,0.21698517020541008,0.21957335446584395,1200
ComPPI,operating_point,42,v3learned_comppi_seed42,2000,CORUM,0.21835386486461036,0.13965898892212975,0.2157965024578713,0.17360276883217673,0.08835274803621537,2585
ComPPI,operating_point,42,v3learned_comppi_seed42,2000,ComplexPortal,0.30381554502874136,0.19326222493754197,0.17903905290159436,0.1860147459597556,0.11866750476543189,1200
